id,event_name,created_by,created_date,updated_by,team_id
1,Chevrolet,Helenka,12/20/2020,Marlo,216
2,Ferrari,Ruby,1/3/2021,Melonie,267
3,Toyota,Waylon,11/2/2018,Corabel,253
4,Mercedes-Benz,Mair,11/4/2018,Elihu,222
5,Pontiac,Filmore,6/26/2021,Lorrin,274
6,Chevrolet,Kare,5/27/2020,Mitzi,246
7,Suzuki,Adriano,11/6/2020,Mitchell,217
8,Ford,Gracie,7/6/2018,Morrie,286
9,Toyota,Drake,6/18/2021,Romonda,213
10,Volkswagen,Angelita,10/26/2019,Maryanne,237
11,Chevrolet,Eudora,11/14/2018,Torry,294
12,Ford,Sheffy,6/24/2021,Julie,260
13,Ford,Christa,1/31/2019,Cyb,224
14,Toyota,Erick,9/11/2021,Elwyn,217
15,Kia,Conney,1/12/2020,Letizia,251
16,Kia,Fedora,9/1/2021,Marti,278
17,Mazda,Chanda,9/19/2021,Nikolaos,267
18,Nissan,Guinna,12/18/2020,Carrissa,284
19,Subaru,Codi,1/3/2019,Dorry,209
20,Volkswagen,Henrie,2/14/2022,Krispin,275
21,GMC,Fonzie,3/14/2021,Arlene,259
22,Dodge,Annmaria,4/27/2019,Jasmin,256
23,Buick,Lesley,6/17/2020,Pierson,281
24,Nissan,Kora,6/25/2020,Englebert,233
25,Mazda,Sloan,4/24/2020,Arabela,230
26,Chevrolet,Matthaeus,7/7/2020,Debee,279
27,Plymouth,Pip,2/5/2020,Tiffanie,226
28,Lexus,Dominga,8/13/2019,Ravid,251
29,Oldsmobile,Cathyleen,11/26/2018,Marven,212
30,BMW,Graehme,9/2/2018,Jodi,295
31,Toyota,Ossie,2/20/2022,Jo-anne,207
32,Chevrolet,Tobey,1/20/2021,Brant,267
33,Mazda,Jocelin,8/1/2020,Bathsheba,282
34,Ford,Marcelline,9/23/2020,Hartwell,231
35,Chevrolet,Timoteo,12/31/2019,Deeann,260
36,Kia,Carmen,9/9/2021,Vince,211
37,GMC,Merry,11/3/2020,Way,262
38,Bugatti,Jana,8/24/2021,Nikolas,266
39,Plymouth,Oralia,7/30/2021,Zaneta,300
40,Toyota,Bran,7/5/2018,Jonie,292
41,Dodge,Cesar,10/22/2019,Willi,201
42,Ford,Ansell,8/4/2020,Rochella,237
43,Saturn,Yehudit,9/13/2020,Pennie,277
44,Ford,Wallache,10/25/2021,Charmion,261
45,Chevrolet,Waylen,12/10/2019,Charmian,274
46,Plymouth,Marina,1/25/2021,Lotte,277
47,Lincoln,Davita,8/11/2021,Stavros,249
48,Toyota,Helen-elizabeth,9/8/2019,Anthe,201
49,Dodge,Barthel,5/13/2019,Reagan,226
50,Ford,Laughton,1/26/2020,Ebonee,265
51,Holden,Byrann,9/16/2020,Roddie,298
52,Dodge,Rice,10/31/2019,Ado,235
53,Chrysler,Ethyl,8/13/2019,Marla,233
54,Hyundai,Olag,6/21/2018,Avram,285
55,Cadillac,Loella,6/5/2018,Jane,209
56,Nissan,Gilda,6/27/2020,Ansley,230
57,Mazda,Shamus,10/13/2019,Eadmund,275
58,Hyundai,Amabel,7/29/2018,Gerome,260
59,BMW,Faydra,12/26/2021,Gan,276
60,GMC,Land,9/5/2019,Vanny,219
61,Suzuki,Wat,7/16/2020,Drucy,280
62,Acura,Rosalyn,11/9/2020,Anestassia,247
63,Lincoln,Kylie,3/28/2020,Francesco,240
64,GMC,Ellie,3/3/2020,Vale,267
65,Volkswagen,Lawton,10/19/2020,Hyacinthia,226
66,Pontiac,Foster,7/31/2021,Piper,203
67,Suzuki,Reinaldos,3/9/2019,Chere,250
68,Buick,Abby,4/30/2019,Thayne,279
69,Buick,Vonny,1/11/2019,Mariquilla,289
70,Dodge,Norbie,8/22/2018,Lou,203
71,Toyota,Bondie,5/9/2019,Harper,252
72,Honda,Bruno,2/3/2020,Craggie,246
73,Ferrari,Lynnea,2/22/2022,Prinz,273
74,Kia,Sayers,12/8/2020,Bertine,241
75,Hyundai,Jake,4/19/2020,Bevin,272
76,Mitsubishi,Didi,7/16/2020,Anya,243
77,Mazda,Bambie,10/10/2019,Chaunce,273
78,Aston Martin,Dolph,10/23/2018,Giorgio,221
79,Ford,Odey,2/17/2020,Allister,207
80,Volkswagen,Riva,11/20/2018,Tonye,288
81,Suzuki,Wilbur,7/25/2019,Kristen,220
82,Lincoln,Selig,10/6/2020,Hamish,289
83,Dodge,Wilfred,8/28/2020,Blithe,230
84,Saab,Danila,5/24/2020,Marcellina,263
85,Jaguar,Maire,5/31/2019,Sinclair,244
86,Chevrolet,Lucian,4/21/2019,Tarah,285
87,Nissan,Germaine,5/12/2021,Kerry,238
88,GMC,Jerrilee,6/28/2020,Dena,245
89,Morgan,Gardner,3/7/2020,Eliza,240
90,Hyundai,Emmery,5/14/2020,Odell,237
91,Volvo,Fidelity,3/13/2021,Deloris,201
92,Toyota,Ingrim,11/25/2020,Korella,213
93,Toyota,Mirabelle,7/4/2019,Moira,285
94,Ford,Clovis,11/8/2021,Baxie,269
95,Subaru,Ernest,2/12/2021,Farrell,264
96,Chevrolet,Ranice,12/13/2018,Mirelle,228
97,Maserati,Stephine,1/28/2022,Justine,250
98,Ford,Bart,5/17/2021,Kirbee,219
99,Pontiac,Hillard,7/24/2018,Anna-diane,288
100,Toyota,Fiona,3/10/2020,Lew,284
101,Lexus,Dawn,3/28/2021,Ardisj,265
102,MINI,Gifford,12/25/2021,Dareen,272
103,Mitsubishi,Avrit,12/17/2020,Krisha,267
104,GMC,Felizio,12/16/2021,Jeremie,225
105,Volvo,Erica,11/27/2021,Laurie,278
106,Toyota,Devondra,5/2/2020,Ettore,280
107,Lexus,Davita,3/30/2019,Eduino,215
108,Chrysler,Catlee,2/1/2022,Margy,276
109,Chevrolet,Patricio,10/26/2020,Fannie,296
110,Dodge,Rinaldo,11/10/2018,Darleen,287
111,Land Rover,Mady,8/12/2019,Mady,250
112,Cadillac,Lurline,9/9/2020,Paolo,255
113,Toyota,Hedwiga,8/18/2021,Fairfax,258
114,Plymouth,Creigh,7/13/2019,Ameline,232
115,Mazda,Lazare,12/14/2018,Hilly,246
116,Mitsubishi,Jory,10/14/2021,Lindie,230
117,Mercury,Honoria,8/5/2020,Corny,257
118,Volkswagen,Wilma,8/7/2019,Cody,227
119,Hyundai,Drusie,9/25/2019,Misty,278
120,Land Rover,Cesya,11/8/2018,Ashbey,229
121,Lexus,Kimberlyn,3/21/2020,Ardath,208
122,Ford,Avrom,2/9/2020,Erhard,252
123,Dodge,Lettie,5/15/2019,Jemima,234
124,Ford,Doug,3/19/2019,Lorenza,206
125,Lincoln,Paxon,9/24/2021,Gayelord,204
126,Dodge,Bran,8/21/2018,Kimball,240
127,Honda,Neddy,1/18/2022,Jasmina,265
128,Ford,Alain,7/6/2020,Annnora,294
129,Jeep,Gerhardine,6/18/2020,Fowler,298
130,Mitsubishi,Bale,1/26/2019,Gerick,284
131,Kia,Gare,4/30/2021,Gusella,248
132,Mitsubishi,Kahaleel,8/1/2020,Layney,214
133,Hyundai,Ernest,3/7/2020,Ellette,279
134,Mitsubishi,Nathanil,4/24/2021,Aldis,251
135,Mercury,Bunny,7/4/2018,Farlie,247
136,Nissan,Eden,6/15/2018,Waylan,269
137,Jeep,Margy,5/20/2020,Sallyanne,293
138,GMC,Kennie,5/6/2021,Gareth,259
139,Subaru,Albrecht,7/2/2021,Phillipp,236
140,Chrysler,Blair,8/7/2019,Almeda,245
141,Mercury,Randall,8/29/2018,Walliw,252
142,Volkswagen,Hall,6/25/2019,Dael,216
143,Ford,Selle,11/7/2019,Meggy,239
144,Dodge,Ronna,8/3/2020,Annamaria,230
145,Mitsubishi,Berti,3/3/2020,Salvatore,266
146,Mitsubishi,Selia,5/3/2019,Tracey,235
147,Maserati,Quillan,1/22/2022,Stinky,230
148,Ford,Wakefield,6/5/2021,Marcile,251
149,Ford,Georgie,1/20/2021,Dave,224
150,Volkswagen,Dennie,2/13/2019,Johnnie,298
151,Honda,Peterus,11/18/2018,Karen,289
152,Ford,Babs,2/20/2022,Becky,201
153,Mitsubishi,Darya,8/6/2018,Gerianna,285
154,Mercury,Yovonnda,12/5/2019,Lane,273
155,Mitsubishi,Tab,10/16/2021,Corbet,282
156,Volkswagen,Starlin,10/4/2020,Whitby,250
157,Chevrolet,Ludwig,11/10/2018,Robinett,294
158,Mercedes-Benz,Cecilio,11/27/2019,Marilee,277
159,Honda,Alexandre,5/5/2019,Lana,285
160,BMW,Natty,7/17/2020,Xenia,261
161,Pontiac,Konstantin,6/3/2020,Calhoun,209
162,Maserati,Myranda,8/6/2021,Eolande,271
163,Mercury,Ivett,2/19/2022,Rafaellle,221
164,GMC,Tori,10/30/2021,Veronique,229
165,Chevrolet,Henka,8/30/2020,Vick,210
166,Mercury,Minnaminnie,7/1/2019,Symon,239
167,Isuzu,Martie,2/24/2022,Conrad,245
168,Land Rover,Simmonds,6/22/2019,Zola,202
169,Volvo,Susan,12/9/2018,Skipp,255
170,Suzuki,Burg,5/13/2021,Simonette,219
171,Suzuki,Rad,9/29/2019,Doralin,228
172,Chevrolet,Glen,10/8/2018,Gonzales,276
173,Toyota,Jerad,2/9/2019,Joye,243
174,Acura,Den,8/28/2020,Whitaker,273
175,Ford,Rog,9/22/2019,Grantley,202
176,Mitsubishi,Teddie,7/15/2018,Worth,239
177,Nissan,Rodi,1/6/2019,Nichol,201
178,Ford,Kyle,2/1/2021,Chrystel,210
179,Panoz,Danice,4/28/2019,Albert,201
180,Toyota,Lyndy,11/12/2019,Garry,292
181,Dodge,Lusa,8/22/2019,Lamond,230
182,Chrysler,Oralla,7/11/2021,Robin,288
183,Ford,Mord,8/15/2021,Harald,201
184,Chrysler,Amalee,9/4/2019,Eliza,271
185,Lexus,Agneta,1/16/2022,Dorolice,245
186,Kia,Locke,6/10/2019,Jarrid,254
187,Mercedes-Benz,Joleen,4/5/2021,Orsola,298
188,Pontiac,Charlot,6/17/2019,Phoebe,262
189,Honda,Den,1/15/2020,Mitch,255
190,Kia,May,7/30/2019,Jorgan,219
191,Subaru,Raphaela,1/20/2022,Harris,299
192,Ford,Kiersten,7/2/2018,Farand,242
193,Chevrolet,Griffy,7/15/2021,Edan,298
194,Saab,Hollie,4/20/2019,Salomon,284
195,Chevrolet,Sunny,9/22/2020,Katinka,256
196,GMC,Gussy,11/5/2020,Electra,295
197,Buick,Hurlee,3/15/2020,Giacinta,285
198,Chevrolet,Melli,6/9/2021,Kitty,235
199,Volkswagen,Janot,11/10/2021,Caty,244
200,Toyota,Buckie,12/23/2019,Lorilee,270
201,Mercedes-Benz,Carlotta,4/21/2020,Harbert,283
202,Acura,Alfredo,2/17/2022,Frazer,266
203,Maybach,My,3/21/2020,Devland,238
204,Maserati,Granger,2/26/2022,Francisca,238
205,Saab,Cathyleen,8/17/2018,Garey,232
206,Toyota,Tamiko,8/12/2018,Quinn,289
207,Mitsubishi,Link,12/12/2020,Theodor,201
208,Audi,Karylin,12/5/2020,Darrel,254
209,Pontiac,Lottie,7/29/2021,Malory,288
210,Nissan,Miof mela,11/7/2021,Shane,250
211,Mazda,Findlay,1/26/2020,Willie,206
212,Kia,Shina,4/15/2020,Sean,264
213,Chevrolet,Gilburt,10/21/2020,Sandy,252
214,Dodge,Pris,12/14/2019,Nickolas,292
215,Mercedes-Benz,Chicky,1/11/2019,Giselle,205
216,Pontiac,Bambie,2/15/2021,Major,244
217,Mercedes-Benz,Byron,3/30/2020,Garvin,277
218,Mercedes-Benz,Sigismundo,1/29/2022,Nani,262
219,Honda,Buckie,9/24/2019,Charlotta,273
220,BMW,Serge,9/2/2019,Giselle,284
221,Lexus,Ring,8/9/2019,Maison,277
222,GMC,Yale,3/20/2021,Johna,276
223,Pontiac,Christy,1/9/2022,Sherwynd,204
224,Volkswagen,Dex,1/5/2022,Masha,262
225,Chevrolet,Neda,7/10/2020,Dominique,264
226,Rolls-Royce,Taite,12/24/2019,Meggie,295
227,Honda,Prescott,9/27/2021,Agna,225
228,Volkswagen,Riley,7/7/2019,Edin,247
229,Plymouth,Lissa,8/13/2020,Adorne,257
230,Volkswagen,Tyrus,6/25/2018,Sanson,271
231,Porsche,Eden,10/28/2019,Victoria,217
232,Ford,Allistir,11/15/2019,Devon,289
233,Land Rover,Jarib,3/19/2021,Jacques,263
234,Mercedes-Benz,Agna,8/24/2021,Massimiliano,249
235,Dodge,Archambault,4/5/2019,Holly,279
236,Porsche,Sergio,8/25/2021,Teri,280
237,Ford,Madonna,7/19/2020,Haily,228
238,Chevrolet,Nahum,4/12/2019,Mercie,254
239,Pontiac,Connor,10/22/2021,Wilbert,271
240,Lincoln,Elvina,1/2/2020,Opaline,270
241,Jeep,Katie,3/25/2021,Mab,254
242,Acura,Ambros,2/17/2021,Phylis,296
243,Mercedes-Benz,Dorine,2/19/2019,Blane,276
244,Honda,Fern,7/13/2020,Ericha,299
245,Ford,Hanni,9/25/2019,Constantine,290
246,Mazda,Nick,12/22/2019,Gwenora,299
247,Honda,Zebedee,1/22/2019,Donaugh,290
248,Oldsmobile,Alexio,11/6/2018,Gonzalo,221
249,Subaru,Avery,1/2/2020,Isadore,259
250,GMC,Zarla,6/25/2020,Rheba,219
251,Lexus,Cicely,1/14/2020,Emmeline,295
252,Volkswagen,Melisande,1/6/2022,Grazia,284
253,Acura,Miquela,1/2/2020,Sheryl,201
254,Ford,Merla,9/9/2019,Stuart,210
255,GMC,Fergus,3/6/2019,Leena,274
256,Mitsubishi,Lindy,6/7/2018,Miguela,215
257,Mercury,Lynette,3/18/2019,Michal,236
258,Land Rover,Carmina,7/23/2018,Brunhilde,298
259,Toyota,Orelee,5/14/2019,Yettie,276
260,Mercedes-Benz,Bret,9/21/2019,Madel,221
261,Dodge,Keary,6/15/2018,Brandy,231
262,Maserati,Raymund,12/23/2020,Corenda,244
263,Mercury,Karin,4/4/2020,Galvan,219
264,Dodge,Cecilla,10/7/2021,Eirena,227
265,Nissan,Mellie,5/24/2021,Colan,248
266,Honda,Leigh,11/27/2021,Christian,206
267,Honda,Egon,12/31/2021,Gradeigh,262
268,Dodge,Patten,6/8/2018,Brande,271
269,Land Rover,Westley,1/29/2020,Sly,226
270,Plymouth,Allen,2/14/2019,Garreth,247
271,GMC,Welsh,9/25/2020,Brandise,287
272,Lincoln,Vivie,12/12/2020,Bertine,225
273,Pontiac,Madelyn,1/4/2020,Ephrem,286
274,Pontiac,Simmonds,7/29/2018,Jessa,247
275,Oldsmobile,Georges,7/3/2021,Melinde,296
276,Chrysler,Artie,12/23/2020,Hiram,253
277,Ford,Alva,3/18/2021,Gilly,275
278,Mercedes-Benz,Brandy,6/15/2018,Genevieve,218
279,BMW,Livvy,9/2/2019,Stillmann,283
280,Pontiac,Sayers,10/9/2019,Lane,260
281,GMC,Mack,6/25/2019,Vivie,247
282,Lexus,Caryl,11/25/2021,Bennie,262
283,Saturn,Agata,4/30/2019,Paola,240
284,Lotus,Carroll,11/15/2019,Gil,201
285,Mitsubishi,Deni,2/5/2022,Windham,262
286,Ford,Thedric,2/14/2019,Caryn,205
287,Porsche,Ann-marie,1/13/2019,Alfredo,270
288,Cadillac,Olivie,8/13/2020,Ervin,225
289,Ford,Julienne,1/10/2020,Trumaine,246
290,Mercury,Marven,9/8/2018,Evie,218
291,Ford,Nikoletta,2/14/2020,Katlin,208
292,Audi,Zackariah,7/3/2021,Idell,283
293,Isuzu,Lenee,2/16/2021,Helenelizabeth,212
294,BMW,Kermy,1/5/2019,Zsazsa,296
295,Porsche,Mahala,3/3/2021,Rozelle,299
296,Mitsubishi,Westbrooke,3/22/2021,Kitti,245
297,BMW,Roanna,7/2/2019,Carney,237
298,Mazda,Lynett,5/4/2020,Terrijo,217
299,Infiniti,Cary,5/16/2020,Vivian,265
300,Maybach,Elysia,7/19/2019,Tabbatha,233
301,Honda,Bertha,12/9/2021,Riordan,295
302,Dodge,Dinnie,1/10/2021,Bernetta,292
303,Pontiac,Jedediah,7/29/2019,Cody,211
304,Volvo,Gaspard,5/29/2020,Kandy,225
305,Mercedes-Benz,Anet,1/1/2020,Shanon,226
306,Pontiac,Ash,5/29/2021,Inigo,221
307,Infiniti,Kerwinn,7/3/2018,Kit,295
308,Chevrolet,Cherida,2/9/2019,Averil,218
309,Nissan,Fawne,8/17/2018,Hyman,292
310,Mercedes-Benz,Humfried,5/2/2019,Dev,225
311,GMC,Sybille,11/4/2020,Milissent,275
312,Audi,Sigismondo,3/5/2021,Fayre,285
313,Ford,Gnni,7/1/2021,Gannon,289
314,Ford,Eveline,5/23/2019,Arch,277
315,Mitsubishi,Aigneis,8/2/2019,Marlene,208
316,Volkswagen,Benedetta,9/3/2020,Hailey,273
317,Land Rover,Marcus,2/6/2020,Ernesta,266
318,Plymouth,Mora,5/16/2019,Mina,222
319,Kia,Emylee,4/6/2020,Aldo,279
320,Volkswagen,Hermione,7/17/2019,Gregorius,252
321,Nissan,Calla,1/14/2021,Benjie,242
322,Lotus,Justen,6/4/2020,Esmaria,207
323,Ford,Jonie,8/23/2018,Coop,204
324,Oldsmobile,Ynez,7/1/2020,Margit,235
325,Jeep,Krishna,12/14/2019,Lenci,279
326,Aston Martin,Heath,2/3/2019,Royall,289
327,Chrysler,Addy,11/14/2018,Lucky,260
328,Kia,Dix,10/20/2020,Isabelita,232
329,GMC,Adina,3/16/2020,Baily,254
330,Chevrolet,Zaria,1/25/2022,Lucho,235
331,Ford,Aggie,12/17/2019,Suzy,231
332,Porsche,Gregorio,3/23/2021,Karie,268
333,Porsche,Giselbert,5/29/2019,Emmie,218
334,Volkswagen,Herta,1/28/2021,Brenna,203
335,Suzuki,Reinaldos,3/28/2019,Dean,283
336,Mitsubishi,Chariot,4/15/2019,Wini,234
337,GMC,Vidovic,5/20/2021,Brad,230
338,Mercury,Elianora,4/3/2019,Chas,211
339,GMC,Angela,6/9/2020,Tamara,201
340,Nissan,Rosanne,7/10/2019,Blondy,221
341,Mazda,Shaun,7/20/2021,Tracey,222
342,Buick,Cathee,4/30/2021,Lee,210
343,Ford,Rosalind,7/31/2020,Grant,224
344,Mazda,Terri-jo,7/30/2019,Sheri,284
345,Porsche,Arni,10/8/2018,Sophia,238
346,Mazda,Kipper,1/21/2019,Luigi,227
347,Jeep,Dolph,12/23/2020,Denice,261
348,Mercedes-Benz,Marena,8/4/2019,Tracy,275
349,Acura,Cecilio,7/31/2019,Bellina,228
350,Oldsmobile,Arline,6/13/2020,Ogdon,235
351,Subaru,Lockwood,10/16/2020,Ingamar,236
352,Pontiac,Simonette,2/13/2020,Siffre,278
353,Pontiac,Kissie,7/11/2019,Vittorio,227
354,Pontiac,Eleen,12/27/2019,Carolin,292
355,Chevrolet,Caldwell,6/25/2021,Octavia,286
356,Pontiac,Sammy,7/11/2019,Thom,204
357,Ford,Ellerey,5/4/2020,Baily,245
358,Chevrolet,Cleopatra,6/15/2021,Devi,205
359,Buick,Ira,10/30/2019,Janis,297
360,Hyundai,Malchy,2/19/2021,Caroljean,262
361,Dodge,Roxy,10/14/2020,Thomas,293
362,Audi,Bel,2/12/2020,Yanaton,271
363,Honda,Ernie,1/24/2020,Staffard,221
364,Jaguar,Morly,2/22/2019,Sandy,243
365,Dodge,Jereme,3/17/2020,Sherilyn,264
366,Pontiac,Diane-marie,12/23/2019,Basilio,211
367,Mitsubishi,Gav,4/12/2020,Linette,293
368,GMC,Bartholomeo,7/30/2020,Maynard,214
369,Chevrolet,Alberto,12/1/2019,Guillaume,204
370,Mazda,Corrie,8/16/2021,Carmine,261
371,Nissan,Gordan,3/12/2021,Nydia,223
372,Mitsubishi,Issy,1/3/2021,Conan,248
373,GMC,Thorvald,4/6/2021,Darcee,253
374,Volvo,Shane,7/10/2021,Lauren,235
375,Dodge,Mathew,8/11/2021,Regina,243
376,Toyota,Romona,12/14/2019,Gisela,248
377,Chevrolet,Darcey,4/3/2020,Rheta,243
378,Land Rover,Ursa,12/28/2021,Bourke,231
379,Ford,Riobard,1/11/2022,Carlene,233
380,Mitsubishi,Maggee,7/1/2019,Phil,241
381,Cadillac,Jinny,11/18/2019,Mommy,298
382,Kia,Mab,1/28/2019,Patric,287
383,Lotus,Winthrop,6/11/2018,Wilhelmina,284
384,Toyota,Jacinda,11/10/2021,Dickie,238
385,Dodge,Bale,5/13/2019,Sheeree,294
386,Land Rover,Zulema,6/9/2021,Gaby,201
387,Volkswagen,Inness,11/19/2019,Clio,290
388,Toyota,Merola,6/26/2020,Micaela,219
389,Chevrolet,Stephani,8/30/2019,Bee,288
390,Lincoln,Violante,11/30/2020,Biddie,240
391,Ford,Archie,11/18/2021,Jeanette,270
392,Lexus,Kahlil,1/3/2022,Arline,206
393,GMC,Lea,7/6/2021,Cele,245
394,Infiniti,Denni,1/6/2019,Bentley,210
395,Jeep,Fabien,6/25/2020,Odessa,264
396,Alfa Romeo,Hedwig,6/2/2019,Nikki,210
397,Mercury,Horten,1/8/2019,Fabio,247
398,Suzuki,Leena,8/31/2020,Eba,268
399,Chevrolet,Karlee,10/24/2018,Fernanda,216
400,Land Rover,Modestia,2/13/2020,Roxana,261
401,Toyota,Carroll,10/22/2021,Junina,203
402,BMW,Nana,11/29/2020,Camilla,206
403,Chevrolet,Farica,4/16/2020,Marion,206
404,Hyundai,Alric,10/27/2019,Heriberto,243
405,Chrysler,Didi,9/14/2020,Tildi,220
406,Mercedes-Benz,Vittoria,6/3/2021,Cesya,275
407,Kia,Corey,1/6/2021,Konstance,261
408,Ford,Helsa,9/14/2019,Isac,225
409,Volkswagen,Sig,5/14/2020,Evita,208
410,BMW,Margery,4/20/2021,Laurent,294
411,Mercury,Norman,8/8/2021,Julieta,291
412,Isuzu,Chandal,8/3/2019,Ashien,214
413,Isuzu,Ravid,12/26/2020,Poppy,285
414,GMC,Terrel,12/17/2018,Rustin,251
415,Ford,Marianna,8/4/2018,Sherill,217
416,Volvo,Kimberley,4/7/2021,Christoforo,296
417,Chrysler,Alexine,6/22/2020,Randie,270
418,Jensen,Torey,11/18/2018,Far,244
419,Ford,Lotty,4/14/2019,Amby,208
420,Kia,Jeffry,2/6/2019,Dianemarie,249
421,Ford,Crin,6/18/2020,Garfield,272
422,Audi,Doti,10/17/2021,Jedediah,293
423,Porsche,Ebenezer,4/28/2019,Malissa,219
424,GMC,Muire,6/19/2019,Laurie,248
425,GMC,Rodolphe,11/7/2020,Anallese,239
426,Ferrari,Brien,12/31/2020,Mariya,230
427,BMW,Shelden,7/14/2018,Natale,245
428,Mitsubishi,Kettie,6/5/2020,Sosanna,241
429,Oldsmobile,Avis,7/11/2019,Torin,276
430,Infiniti,Noel,2/19/2020,Adamo,262
431,Toyota,Dewie,6/16/2021,Maxie,297
432,Lincoln,Ragnar,10/28/2018,Tobe,226
433,Chrysler,Eduino,2/17/2019,Spencer,255
434,Kia,Hobie,4/27/2021,Lee,267
435,Nissan,Yancy,8/13/2019,Benson,245
436,Suzuki,Sibella,4/3/2020,Arley,213
437,Smart,Karalee,10/24/2018,Betti,201
438,Chevrolet,Carney,1/5/2019,Talyah,213
439,Mazda,Sarajane,6/13/2021,Felecia,279
440,Geo,Yoko,6/14/2019,Hamnet,202
441,Lexus,Lorette,11/10/2019,Bendix,265
442,Pontiac,Mireille,11/25/2020,Towney,299
443,Kia,Haleigh,8/31/2020,Gav,300
444,Nissan,Ruthanne,10/22/2021,Lanna,226
445,GMC,Halley,5/8/2020,Mirella,240
446,Ford,Channa,7/12/2018,Talbot,251
447,Pontiac,Carson,7/14/2020,Aubrie,236
448,Mazda,Dawna,12/29/2019,Darrel,211
449,Toyota,Hephzibah,9/9/2021,Lynn,216
450,Toyota,Dinny,4/7/2019,Gilly,288
451,Bentley,Kirk,2/16/2021,Ally,284
452,GMC,Anett,11/4/2020,Kaylil,243
453,Infiniti,Carlie,6/19/2021,Ronald,203
454,Bentley,Connie,10/22/2020,Marvin,226
455,Audi,Enrique,7/16/2019,Jaclyn,253
456,Subaru,Kimberlee,6/28/2018,Francine,263
457,Subaru,Alena,9/28/2020,Krystal,202
458,Pontiac,Michele,3/26/2020,Maurita,255
459,Nissan,Vi,7/23/2021,Gates,298
460,Chevrolet,Mendy,3/15/2020,Eldin,279
461,Dodge,Baillie,3/29/2019,Lilly,224
462,Buick,Vlad,10/9/2019,Tabina,206
463,Toyota,Chick,11/10/2019,Gertrudis,273
464,Honda,Rea,1/12/2019,Perice,269
465,Mercury,Ciel,10/26/2019,Coleman,255
466,Pontiac,Penn,7/25/2020,Gabe,286
467,Toyota,Milzie,6/7/2018,Wayne,248
468,Mazda,Hilarius,11/18/2020,Petr,210
469,Mitsubishi,Sayer,7/14/2020,Kristen,285
470,Volvo,Petr,3/15/2020,Cross,257
471,Mercedes-Benz,Lynnet,1/15/2021,Ronny,271
472,Nissan,Klement,2/10/2020,Ernesto,202
473,Nissan,Joel,5/1/2021,Randie,271
474,Ford,Rodi,9/29/2018,Daveen,255
475,Buick,Jazmin,11/4/2020,Bonnie,247
476,Volvo,Garnette,1/31/2020,Nealson,267
477,Land Rover,Lana,9/1/2020,Clea,245
478,Buick,Chelsea,6/5/2021,Chloette,245
479,Ford,Kerry,2/25/2022,Barby,220
480,Cadillac,Piotr,9/23/2020,Myrle,251
481,Subaru,Micki,10/7/2019,Benedicta,270
482,Mercedes-Benz,Bette,5/21/2021,Albie,244
483,Oldsmobile,Terry,11/25/2019,Veronique,254
484,Nissan,Leeanne,8/25/2020,Sherline,264
485,Ferrari,Elisabetta,3/15/2020,Rebbecca,299
486,Ford,Calida,12/3/2020,Maighdiln,281
487,Peugeot,Vida,10/27/2021,Gaylor,284
488,Honda,Cymbre,3/29/2020,Dennie,211
489,Chevrolet,Roxane,6/24/2019,Tucky,272
490,Buick,Vernice,9/18/2019,Curry,224
491,Chevrolet,Markus,8/27/2020,Dale,285
492,Nissan,Alla,11/18/2019,Tammie,241
493,Lincoln,Lilly,6/15/2020,Carrissa,251
494,Eagle,Hyacinthe,8/21/2020,Nannie,211
495,Infiniti,Vasily,8/30/2021,Cecilio,282
496,Chevrolet,Tobit,3/30/2019,Griffin,239
497,Buick,Maurise,12/7/2018,Harrietta,209
498,Mazda,Merola,9/2/2019,Marje,253
499,Land Rover,Herculie,11/2/2019,Jamie,226
500,BMW,Kurtis,10/26/2020,Ernestus,222
501,Eagle,Page,1/4/2020,Willi,210
502,BMW,Sergei,3/28/2021,Tanner,262
503,Lexus,Horten,12/14/2019,Gaby,294
504,Chevrolet,Tamra,10/22/2019,Whitby,259
505,Volvo,Teodor,6/24/2020,Natka,202
506,Buick,Reginauld,8/11/2019,Molli,253
507,Lotus,Chico,5/26/2019,Tamma,266
508,Ford,Bryna,12/25/2021,Elnora,233
509,Plymouth,Vevay,11/12/2021,Hinze,227
510,Land Rover,Tades,2/6/2021,Orson,221
511,Hyundai,Frasco,1/30/2021,Phillipe,267
512,Ford,Hadria,1/4/2019,Audry,289
513,Lexus,Tore,9/2/2020,Giovanna,267
514,Volkswagen,Kitti,4/9/2019,Phelia,203
515,Chevrolet,Zebulon,7/29/2019,Aron,249
516,Cadillac,Giustina,10/14/2020,Antonetta,252
517,Mercedes-Benz,Husain,7/31/2019,Fernande,281
518,Acura,Perkin,5/28/2021,Beitris,256
519,Isuzu,Sarene,7/19/2019,Kirstyn,255
520,Mazda,Aleece,3/26/2021,Barty,293
521,Land Rover,Alla,12/11/2019,Zea,213
522,Suzuki,Claudie,2/23/2022,Mariam,283
523,Toyota,Jobyna,10/28/2021,Georges,230
524,Mercury,Callean,4/16/2020,Heindrick,226
525,Volvo,Tresa,6/22/2019,Brucie,265
526,Mitsubishi,Wade,5/15/2019,Freddie,224
527,Nissan,Jacynth,10/11/2019,Blanch,210
528,Nissan,Shanda,6/2/2018,Torey,219
529,Volkswagen,Christa,8/11/2020,Vinny,231
530,Chevrolet,Melony,2/15/2020,Lorri,273
531,Nissan,Warren,6/13/2018,Wendye,215
532,Chevrolet,Obediah,12/10/2020,Gilbertine,225
533,Nissan,Aleda,2/9/2019,Jessi,264
534,Ford,Claiborn,7/24/2020,Sibylle,263
535,Mercedes-Benz,Sileas,10/22/2019,Alleyn,225
536,Volvo,Karon,7/5/2020,Sibella,210
537,BMW,Scottie,7/20/2020,Harbert,286
538,Hyundai,L;urette,8/20/2019,Stearne,224
539,Cadillac,Rog,12/9/2020,Thane,273
540,Kia,Daile,2/14/2019,Aubine,257
541,Oldsmobile,Bette,11/25/2021,Sharona,206
542,Aston Martin,Em,1/18/2020,Bertha,265
543,Volkswagen,Britteny,10/15/2020,Dunstan,300
544,Chevrolet,Aron,9/1/2020,Caprice,255
545,Ford,Truda,8/13/2020,Charmane,287
546,Audi,Fernandina,7/12/2018,Solomon,292
547,Plymouth,Sharia,10/8/2021,Archie,229
548,Volvo,Kally,10/31/2020,Yoshiko,276
549,Chevrolet,Ilyssa,11/1/2021,Norma,259
550,Chevrolet,Carmel,10/29/2021,Jackie,273
551,Mercury,Willi,12/8/2019,Esme,297
552,GMC,Aryn,6/23/2019,Konrad,218
553,Honda,Antonella,1/4/2022,Consuela,265
554,Dodge,Millisent,10/31/2019,Petunia,221
555,Lexus,Kaspar,6/20/2020,Ursuline,206
556,Mazda,Ardath,9/25/2019,Norine,287
557,Ford,Arlee,6/26/2021,Hew,274
558,Lincoln,Paulie,8/30/2019,Catlaina,207
559,Honda,Arvy,6/17/2018,Grantham,253
560,Chevrolet,Raffarty,9/19/2018,Davide,300
561,GMC,Peter,12/17/2018,Gavrielle,253
562,Ford,Tracie,2/17/2021,Maury,201
563,Mercedes-Benz,Laverna,7/18/2018,Ardyce,248
564,Mitsubishi,Willie,10/23/2019,Worthington,263
565,Mitsubishi,Paloma,12/24/2018,Dominik,300
566,Jaguar,Yves,12/1/2018,Alvina,245
567,Pontiac,Jonathan,7/23/2020,Cole,242
568,Audi,Helen,7/28/2019,Dorolice,202
569,Suzuki,Octavia,9/9/2020,Con,231
570,Acura,Skipp,5/1/2020,Kristyn,245
571,Ford,Patten,11/25/2019,Artie,251
572,Pontiac,Keenan,9/8/2020,Philippine,224
573,Lexus,Saidee,7/2/2018,Colleen,255
574,Lincoln,Tremayne,10/17/2019,Witty,225
575,Mercury,Uta,7/13/2020,Amelita,215
576,Dodge,Elihu,7/5/2021,Kirbee,207
577,Dodge,Quinlan,8/20/2018,Oberon,205
578,Dodge,Bink,10/6/2021,Nicholle,292
579,Infiniti,Shawn,2/26/2022,Roanne,201
580,Subaru,Raffarty,4/24/2020,Lorraine,280
581,Pontiac,Glyn,8/6/2021,Emily,290
582,BMW,Wain,11/7/2019,Chester,241
583,Mercedes-Benz,Maybelle,12/2/2018,Karim,207
584,Acura,L;urette,8/27/2018,Clerkclaude,288
585,Jeep,Angus,9/19/2021,Xymenes,282
586,GMC,Ali,8/18/2021,Theresina,251
587,Chevrolet,Ellynn,8/4/2020,Lexis,283
588,GMC,Denice,2/7/2019,Ricard,286
589,Mercury,Hewett,1/21/2020,Carie,272
590,Eagle,Lennie,7/25/2018,Tiffi,201
591,Buick,Danice,6/14/2018,Alastair,241
592,Lamborghini,Francklin,4/19/2021,Corinna,238
593,Mercury,Aindrea,4/30/2020,Mic,236
594,Mitsubishi,Boycie,2/1/2021,Sissie,251
595,Audi,Cristie,4/28/2020,Edmon,257
596,Mercedes-Benz,Giraud,6/27/2018,Rochelle,249
597,Chrysler,Ivor,1/30/2021,Upton,237
598,Mercedes-Benz,Ferdinanda,1/3/2021,Mill,297
599,Mercedes-Benz,Cris,7/27/2020,Damiano,284
600,Dodge,Loree,12/4/2018,Pammi,281
601,Lexus,Far,1/20/2021,Iago,270
602,Mazda,Jaclin,9/26/2019,Kath,276
603,Land Rover,Eleni,1/30/2019,Lionello,249
604,Pontiac,Berkley,10/27/2019,Livvy,222
605,Audi,Roxie,8/9/2019,Sergeant,209
606,GMC,Ailyn,2/24/2020,Con,240
607,Ford,Roxanne,7/2/2020,Konstanze,297
608,Chrysler,Angelique,5/10/2020,Vern,276
609,Ford,Dickie,3/9/2020,Hannis,296
610,Ford,Tabby,4/20/2020,Bartolemo,283
611,Isuzu,Clea,1/26/2019,Miriam,246
612,Mitsubishi,Norah,6/22/2021,Deeyn,227
613,Ford,Ardath,9/20/2019,Jud,297
614,Mitsubishi,Matthew,8/26/2021,Dewitt,278
615,Toyota,Sileas,2/26/2019,Tilda,231
616,Volvo,Bryan,8/19/2020,Nertie,216
617,Mercury,Tansy,6/19/2019,Kaja,235
618,Lexus,Tasia,11/10/2018,Hillier,227
619,Audi,Cammie,4/19/2021,Lira,267
620,Oldsmobile,Karalynn,1/13/2021,Alexina,224
621,Acura,Peterus,1/13/2022,Magdalene,208
622,Chevrolet,Skipper,8/6/2021,Jordana,230
623,Ford,Claudelle,2/22/2019,Grannie,275
624,Buick,Ali,12/29/2018,Bartram,218
625,Pontiac,Jasmine,11/28/2021,Bernardina,230
626,Chevrolet,Eleanor,1/10/2020,Corty,293
627,Toyota,Janka,10/18/2018,Ira,268
628,Audi,Talbot,9/23/2020,Caryl,219
629,Kia,Crista,4/24/2020,Rhiamon,269
630,Mazda,Tildie,1/19/2022,Geneva,216
631,Dodge,Matthieu,1/17/2020,Tabitha,254
632,GMC,Moritz,7/30/2020,Colleen,298
633,Buick,Aleen,10/30/2018,Wenona,209
634,Ford,William,5/20/2021,Salmon,202
635,Volvo,Grazia,8/30/2018,Robbi,276
636,Mercury,Marian,8/18/2021,Daloris,219
637,Buick,Nananne,6/27/2018,Florrie,241
638,Chevrolet,Aline,3/17/2019,Emili,278
639,Ford,Jilly,8/20/2018,Pierce,246
640,Volkswagen,Wendeline,12/22/2020,Wes,260
641,Jeep,Lydon,9/6/2018,Marv,271
642,Mitsubishi,Riannon,10/21/2018,Elliott,238
643,Ford,Charmain,7/28/2018,Sky,297
644,Chevrolet,Jarret,9/12/2018,Delaney,267
645,Jeep,Harriett,11/9/2019,Eddy,300
646,Mazda,Sheila,7/29/2020,Caterina,240
647,Mazda,Virginia,8/29/2020,Clywd,215
648,Honda,Lauren,9/17/2019,Brana,232
649,Dodge,Fredericka,9/2/2018,Kizzie,204
650,Dodge,Terra,9/4/2018,Lynde,254
651,Chevrolet,Della,11/24/2021,Crissie,282
652,Jaguar,Lorianne,5/9/2020,Ingar,211
653,Mazda,Alejoa,10/10/2021,Anatollo,266
654,Ford,Ignazio,9/11/2019,Magda,292
655,Lexus,Loren,10/10/2019,Giulia,246
656,Ford,Maggi,11/16/2018,Dilly,208
657,Plymouth,Holden,8/2/2021,Irwin,210
658,BMW,Abey,6/29/2018,Micheil,217
659,Hyundai,Karry,2/21/2022,Gregory,260
660,Toyota,Ernestus,11/12/2021,Renell,247
661,Lotus,Barri,7/1/2019,Graham,272
662,GMC,Rene,7/31/2020,Alyss,266
663,Audi,Karrie,12/4/2020,Pet,273
664,Saab,Lefty,11/13/2018,Netta,241
665,Ford,Zed,1/9/2020,Caitrin,250
666,Ford,Davine,3/15/2021,Ezequiel,233
667,Subaru,Riane,3/3/2021,Noam,288
668,Toyota,Betti,10/6/2021,Izzy,285
669,Dodge,Caddric,8/23/2021,Renee,240
670,Ford,Darrel,5/30/2020,Lina,239
671,GMC,Missy,8/5/2019,Corri,254
672,Lexus,Malinde,10/9/2021,Caren,294
673,Pontiac,Bird,4/1/2020,Kennie,203
674,Chevrolet,Zulema,9/2/2019,Zita,236
675,Lamborghini,Vaughn,11/29/2019,Raffaello,253
676,Chevrolet,Johan,1/10/2022,Stephan,270
677,Volkswagen,Guenevere,8/7/2019,Dal,252
678,Chevrolet,Alric,9/17/2019,Shandie,202
679,Chevrolet,Osbourne,12/2/2021,Taddeusz,218
680,Mazda,Bryn,4/7/2019,Magnum,235
681,Dodge,Elora,2/9/2022,Karna,236
682,Honda,Wilow,10/14/2021,Melisande,284
683,Plymouth,Harlen,8/2/2020,Alina,209
684,Kia,Veronique,4/10/2019,Shaw,269
685,Lexus,Nikolai,9/22/2020,Kylie,278
686,Ford,Titus,8/2/2021,Angelo,219
687,Kia,Shelbi,5/25/2021,Alexandro,243
688,Pontiac,Christi,12/8/2018,Arvy,244
689,Jaguar,Teodor,3/12/2019,Milissent,275
690,Honda,Teddie,8/25/2019,Corty,269
691,Porsche,Forrester,2/16/2020,Wildon,275
692,Mazda,Tab,6/13/2021,Leta,255
693,Isuzu,Pierette,10/2/2018,Vikky,205
694,Ford,Lorilee,8/30/2019,Margarethe,283
695,Pontiac,Della,6/18/2018,Toma,279
696,Isuzu,Alanson,10/23/2020,Tuesday,240
697,GMC,Clement,6/12/2018,Emma,272
698,BMW,Ase,10/5/2019,Brooks,265
699,Cadillac,Hermine,3/16/2020,Leah,297
700,Toyota,Simona,9/18/2020,Dion,275
701,Jeep,Janet,4/16/2019,Rosalyn,239
702,Suzuki,Andrei,6/26/2019,Nickolai,224
703,Hummer,Reine,8/5/2020,Aloysia,213
704,Volkswagen,Sonnnie,11/30/2019,Tommy,227
705,Isuzu,Benoite,2/17/2020,Alejandra,283
706,Volkswagen,Hilary,10/9/2018,Benedikt,287
707,Oldsmobile,Evvie,8/16/2019,Cornie,253
708,Hyundai,Robbyn,1/13/2022,Clayson,238
709,Dodge,Binky,8/9/2021,Annabela,209
710,Buick,Isa,12/4/2021,Ariel,250
711,Buick,Courtnay,3/11/2019,Tobit,227
712,Mazda,Doro,12/21/2021,Susie,223
713,Suzuki,Reinold,2/9/2021,Lorne,292
714,Saturn,Odelia,11/11/2018,Rupert,239
715,Mercury,Maryrose,6/11/2021,Pearl,220
716,Mitsubishi,Modesta,9/13/2018,Rafaello,224
717,Toyota,Tiphanie,3/17/2020,Othilia,205
718,Isuzu,Letizia,2/3/2019,Adria,270
719,GMC,Yalonda,10/8/2019,Dionne,265
720,Audi,Rowan,2/15/2021,Archibald,297
721,GMC,Raffarty,1/20/2020,Elroy,277
722,Mercury,Maryjane,6/2/2018,Lorine,263
723,Dodge,Rem,9/9/2019,Silvie,272
724,Chevrolet,Leeland,12/2/2018,Lila,298
725,GMC,Pietrek,9/8/2020,Salomi,220
726,Lamborghini,Alfonse,8/11/2020,Alphonse,260
727,Maserati,Bruis,5/25/2021,Mariellen,300
728,Lincoln,Loise,11/9/2021,Mahmoud,261
729,Chevrolet,Clarette,5/10/2019,Eddy,234
730,Lotus,Sadella,12/18/2018,Margi,259
731,Jensen,Randy,9/3/2021,Celine,260
732,Volkswagen,Boone,5/23/2021,Koo,207
733,Ford,Neale,11/20/2020,Doroteya,297
734,Ford,Conny,5/7/2020,Jeno,255
735,Ford,Giselbert,6/5/2018,Chiquita,204
736,Pontiac,Mona,9/1/2021,Kerrin,250
737,Chevrolet,Thain,3/22/2021,Lorne,244
738,Ford,Viole,4/4/2021,Noam,270
739,Lincoln,Jessika,9/5/2020,Ham,219
740,Chevrolet,Brittne,11/21/2018,Sula,268
741,Ford,Birgit,3/17/2019,Linnie,234
742,Jaguar,Hyatt,5/10/2019,Yovonnda,268
743,Audi,Cristina,2/23/2020,Nikolai,237
744,Chevrolet,Jolee,7/28/2020,Fidelity,293
745,Chevrolet,Des,12/10/2018,Adina,245
746,Infiniti,Olimpia,11/13/2018,Angel,235
747,Infiniti,Geno,5/2/2020,Oswald,222
748,Lexus,Zechariah,9/26/2021,Helaine,218
749,Lincoln,Cecil,6/28/2018,Audrye,235
750,Toyota,Rona,10/29/2021,Curr,253
751,Mazda,Karrie,6/3/2018,Bastian,239
752,Buick,Elicia,7/13/2021,Dorelia,283
753,Toyota,Alexandro,1/22/2019,Micki,259
754,Audi,Patin,11/14/2019,Ilyse,240
755,Rolls-Royce,Farlay,11/12/2019,Tandy,222
756,Chevrolet,Russell,11/25/2021,Forrester,289
757,BMW,Kary,7/19/2018,Jehanna,242
758,Mercury,El,11/7/2018,Aeriell,223
759,Buick,Thomasine,6/15/2018,Ebenezer,277
760,Chrysler,Cayla,6/22/2019,Tilda,230
761,Mitsubishi,Ardelle,6/25/2018,Concordia,231
762,Chrysler,Elora,12/13/2019,Megan,264
763,Plymouth,Seka,7/26/2021,Collete,286
764,Toyota,Jorgan,1/27/2020,Kathe,224
765,Toyota,Marillin,8/29/2020,Kore,252
766,GMC,Earle,3/30/2019,Clare,250
767,Subaru,Lothario,3/26/2020,Lexine,246
768,Hyundai,Demetri,2/14/2019,Loren,290
769,Ford,Loni,4/16/2020,Irita,222
770,Hummer,Launce,5/28/2021,Cedric,235
771,Suzuki,Christean,6/10/2020,Giff,234
772,GMC,Beret,12/28/2018,Silas,234
773,Nissan,Aharon,2/2/2022,Caddric,211
774,Subaru,Byron,1/3/2019,Fanechka,245
775,Ford,Jyoti,1/12/2021,Blinni,292
776,Lotus,Ronny,10/31/2018,Boyd,220
777,Audi,Lucina,1/12/2022,Camile,242
778,Porsche,Korie,6/2/2018,Lea,264
779,Ford,Marshal,8/24/2018,Kimbra,271
780,Chevrolet,Peterus,7/24/2020,Burt,249
781,Lexus,Griffy,7/14/2019,Lorrie,202
782,Ford,Tally,9/18/2020,Corri,206
783,Jeep,Archaimbaud,12/7/2021,Dorie,281
784,Dodge,Thorstein,1/8/2020,Iver,265
785,Mercedes-Benz,Dionne,12/5/2019,Carin,298
786,Ford,Louie,10/14/2020,Jon,266
787,Honda,Misty,1/16/2020,Gerti,242
788,Hyundai,Frannie,6/24/2021,Carlene,278
789,Dodge,Barb,1/22/2019,Toni,228
790,Mercury,Pegeen,9/3/2018,Helene,288
791,Saab,Liv,8/11/2021,Scarlet,223
792,Mitsubishi,Frasco,9/14/2020,Blakelee,280
793,Chevrolet,Rhona,7/1/2020,Jaquenetta,246
794,Lexus,Barbaraanne,10/8/2020,Merrily,286
795,Lincoln,Bernita,9/8/2020,Floris,255
796,Jaguar,Cchaddie,9/26/2021,Granny,215
797,Jaguar,Jere,6/22/2020,Rand,244
798,Mercury,Stephannie,2/17/2022,Geoff,235
799,GMC,Homerus,2/23/2020,Kaitlin,234
800,Mitsubishi,Roseline,5/31/2021,Leeann,263
801,Mazda,Cinderella,6/30/2019,Marci,288
802,Ford,Janessa,8/18/2020,Nicola,204
803,Chevrolet,Horten,8/17/2021,Desirae,229
804,Buick,Letta,1/27/2019,Phillipp,202
805,BMW,Inez,7/18/2021,Ravid,229
806,Mitsubishi,Kacie,7/26/2020,Parker,222
807,Kia,Mercie,12/11/2020,Margo,211
808,GMC,Estel,11/19/2019,Stephie,248
809,Ford,Ted,4/13/2021,Aurora,211
810,Buick,Angelita,12/8/2019,Nessa,239
811,Chevrolet,Dniren,6/9/2018,Elliot,217
812,Chevrolet,Clerc,3/8/2019,Tiphanie,218
813,Lotus,Mufi,4/29/2019,Milzie,222
814,Ford,Phil,11/27/2020,Lyssa,220
815,Dodge,Mead,2/11/2019,Peter,273
816,Toyota,Bobinette,7/28/2021,Felic,272
817,Jeep,Lurlene,5/19/2020,Gabriel,299
818,Chevrolet,Berny,8/19/2019,Pippy,212
819,Volvo,Carla,8/11/2021,Stuart,229
820,Ford,Annalise,3/14/2020,Lenora,238
821,Ford,Leroy,2/25/2020,Cort,254
822,Ford,Lisha,11/13/2021,Dorthy,211
823,GMC,Mary,1/13/2020,Roda,226
824,GMC,Norina,11/15/2020,Danna,206
825,Ford,Brady,12/4/2019,Maribel,218
826,Dodge,Nathanil,12/18/2021,Ewart,205
827,Saab,Jonathan,2/14/2021,Rafaelita,257
828,Volkswagen,Yoshiko,11/24/2021,Jerrie,284
829,Dodge,Becky,1/10/2020,Broddie,202
830,Mercedes-Benz,Kameko,1/19/2020,Veriee,289
831,Chrysler,Mace,8/17/2021,Carter,221
832,Mazda,Deidre,8/21/2021,Lulita,286
833,Mitsubishi,Dave,4/18/2019,Giordano,288
834,Lincoln,Iggie,9/6/2019,Barron,244
835,Land Rover,Hebert,1/29/2020,Kristel,271
836,Pontiac,Tibold,6/23/2020,Tabina,212
837,GMC,Cathyleen,1/19/2021,Stacia,212
838,Kia,Rhea,6/30/2019,Crystal,285
839,Mitsubishi,Leslie,12/5/2018,Frederik,201
840,Land Rover,Dorry,4/27/2019,Faustine,274
841,Bentley,Honor,11/8/2019,Ilka,254
842,Buick,Carlos,8/8/2020,Stephi,299
843,Buick,Gabie,9/11/2021,Tristam,221
844,Volvo,Corbett,12/23/2020,Vite,249
845,Chevrolet,Raymond,6/20/2019,Tobe,279
846,Mitsubishi,Riordan,6/18/2018,Basia,220
847,Acura,Dido,12/25/2021,Wilma,226
848,Infiniti,Melisent,10/30/2018,Isak,210
849,Subaru,Kara,6/7/2018,Wallie,278
850,Porsche,Janean,2/6/2019,Maximilien,262
851,Honda,Brana,8/2/2020,Vera,237
852,Ford,Lib,7/1/2020,Edeline,298
853,Mitsubishi,Livvyy,6/12/2018,Nicolas,255
854,Mercury,Matthew,1/21/2020,Garreth,211
855,Toyota,Elora,3/26/2021,Ansley,263
856,Pontiac,Theressa,4/24/2020,Janina,281
857,Mercedes-Benz,Giraud,1/13/2021,Shannah,233
858,Ford,Ana,11/18/2021,Law,299
859,GMC,Mayne,1/19/2021,Nari,212
860,Volkswagen,Karyn,5/20/2020,Adara,278
861,Porsche,Kristofor,1/18/2021,Wilmar,223
862,Mitsubishi,Anne,8/15/2018,Jessey,228
863,BMW,Trix,11/16/2018,Isac,226
864,Daihatsu,Hersch,9/22/2021,Axe,216
865,Honda,Linea,6/23/2018,Ethel,275
866,Suzuki,Felicio,10/29/2018,Stevana,236
867,Nissan,Drucie,12/18/2021,Grata,283
868,Ferrari,Conny,7/15/2020,Bondie,259
869,Cadillac,Sheffy,8/17/2021,Ugo,245
870,Pontiac,Ines,5/27/2020,Cchaddie,218
871,Hyundai,Ogdan,7/11/2018,Ario,268
872,Volkswagen,Kerby,8/2/2020,Ida,236
873,Volkswagen,Lenore,4/7/2021,Moyna,275
874,Porsche,Kaia,11/9/2021,Cecilio,217
875,Mercedes-Benz,Laryssa,4/13/2020,Modestine,268
876,Ford,Cass,12/13/2021,Merry,297
877,Acura,Dulciana,10/9/2018,Harriet,291
878,Chrysler,Lizzy,3/12/2021,Dorie,294
879,Ford,Mildred,11/7/2020,Yasmeen,220
880,Honda,Lou,3/12/2019,Fair,287
881,Mazda,Yehudi,7/23/2021,Bernardina,277
882,Bentley,Beau,8/15/2020,Steward,299
883,Mercedes-Benz,Yetta,10/12/2020,Megen,265
884,Chevrolet,Nadean,4/24/2019,Elaina,214
885,Mazda,Andree,6/13/2020,Pasquale,216
886,Pontiac,Phylys,12/23/2021,Dredi,236
887,Porsche,Hynda,3/1/2020,Steffi,204
888,Toyota,Nanon,10/4/2021,Boycie,276
889,Cadillac,Karrie,6/4/2018,Alie,267
890,Mitsubishi,Neille,8/25/2020,Marilin,254
891,Mitsubishi,Guinevere,11/14/2021,Charmane,287
892,Infiniti,Giacinta,9/19/2020,Pepe,243
893,Acura,Chauncey,11/25/2021,Colline,275
894,Volkswagen,Abbe,7/23/2018,Tracey,235
895,GMC,Florrie,12/20/2020,Meta,262
896,Cadillac,Danna,4/12/2021,Chrissy,226
897,Honda,Shanon,11/25/2019,Yorker,298
898,GMC,Katalin,10/29/2021,Dwayne,212
899,Hyundai,Louella,10/24/2021,Ruperto,214
900,Mercedes-Benz,Darci,6/13/2018,Desmund,235
901,Mitsubishi,Aileen,1/12/2020,Verile,240
902,Dodge,Franny,4/28/2021,Even,213
903,Subaru,Devonna,6/30/2018,Joyce,243
904,Dodge,Lesli,2/17/2021,Eliza,206
905,Volkswagen,Kellby,2/6/2021,Brooks,263
906,Ford,Brittan,12/18/2019,Aubine,238
907,Lexus,Wiley,8/19/2019,Timothy,275
908,Mazda,Cedric,6/24/2021,Briny,291
909,Nissan,Lula,8/7/2018,Chickie,258
910,Ford,Dag,9/9/2020,Dermot,240
911,Ford,Albie,2/21/2019,Thorny,282
912,Hyundai,Oswell,3/15/2021,Sheelagh,239
913,Chrysler,Shane,3/21/2019,Brinn,265
914,Acura,Fran,3/12/2020,Beulah,220
915,Fairthorpe,Dominica,8/23/2021,Jillene,282
916,Dodge,Nester,1/6/2019,Adham,252
917,Alfa Romeo,Viviyan,12/2/2021,Stephanie,239
918,GMC,Martyn,7/17/2020,Dannel,247
919,Chevrolet,Aundrea,6/3/2021,Coraline,282
920,Mercury,Christiano,12/16/2020,Bartel,242
921,Dodge,Tonia,7/13/2018,Merell,238
922,Honda,Dona,4/25/2021,Vinny,252
923,Chrysler,Toddy,10/16/2019,Calley,216
924,Volkswagen,Tiffani,8/13/2020,Vale,300
925,Mazda,Gillie,3/30/2021,Erminia,262
926,Volvo,Lothario,1/14/2022,Consuela,258
927,Chevrolet,Boniface,10/18/2018,Jo-ann,208
928,Geo,Eric,2/11/2022,Doretta,266
929,Suzuki,Ephrayim,5/21/2021,Coop,241
930,Toyota,Bobby,6/13/2021,Berta,227
931,Hyundai,Addy,12/11/2018,Kirsti,277
932,Lincoln,Daniela,8/13/2018,Lefty,293
933,Chevrolet,Loise,6/19/2021,Berri,260
934,Honda,Lucretia,1/11/2022,Shelley,247
935,Dodge,Sigismund,2/7/2019,Shawnee,229
936,Audi,Devonna,8/14/2018,Ellsworth,243
937,Mercury,Lucilia,7/28/2021,Hynda,228
938,Lamborghini,Madelle,1/12/2022,Nevsa,201
939,Infiniti,Beaufort,9/25/2020,Brinna,239
940,Dodge,Rosella,5/30/2021,Mellisa,274
941,Buick,Gerry,11/8/2018,Coral,279
942,Nissan,Laverne,10/4/2018,Krista,263
943,Chevrolet,Glori,7/24/2018,Corbett,226
944,Jeep,Hayley,6/29/2018,Melva,235
945,Ford,Denis,11/12/2019,Olivia,207
946,Kia,Allistir,7/23/2021,Zeb,224
947,Mazda,Deanne,8/25/2021,Becky,228
948,Dodge,Nichols,9/21/2020,Gabie,234
949,Nissan,Gayle,3/11/2020,Maegan,276
950,GMC,Vladamir,12/24/2018,Lauren,258
951,Ford,Ferris,2/25/2020,Barnabas,268
952,Pontiac,Drud,6/21/2021,Elvyn,270
953,Dodge,Eugine,4/18/2019,Myer,259
954,Ford,Dagmar,5/15/2021,Clint,205
955,Chevrolet,Natka,7/9/2018,Barb,249
956,Mercedes-Benz,Gael,6/30/2020,Garey,239
957,GMC,Dave,2/12/2019,Desdemona,240
958,Pontiac,Archie,3/10/2021,Angelo,251
959,Ford,Maryjane,2/7/2021,Amerigo,297
960,Audi,Chandra,6/3/2018,Dunn,236
961,Suzuki,Lelia,1/1/2020,Clarisse,287
962,Honda,Hilarius,7/30/2021,Lazarus,240
963,Mazda,Regine,10/21/2021,Zola,233
964,Hyundai,Haleigh,8/16/2018,Carey,237
965,Lexus,Dorian,3/12/2021,Gloria,269
966,Mazda,Flor,5/28/2021,Celestine,292
967,Nissan,Corrie,10/1/2019,Bert,244
968,Ford,Orv,5/12/2019,Bertram,283
969,Dodge,Helena,6/19/2021,Wally,266
970,Pontiac,Virgil,1/9/2021,Fifine,289
971,Lexus,Hilary,2/27/2020,Cody,247
972,Mercury,Lazar,3/1/2021,Ulberto,288
973,Oldsmobile,Frannie,8/7/2018,Hank,267
974,Lamborghini,Luz,7/22/2020,Teri,268
975,Lincoln,Ingeberg,12/17/2021,Tiphany,238
976,Ford,Winnie,7/30/2018,Cordelia,276
977,Ford,Bess,3/15/2021,Lotta,259
978,Volvo,Gan,11/24/2020,Adoree,251
979,Chevrolet,Siegfried,6/2/2020,Alair,291
980,Ford,Simmonds,11/30/2020,Lilyan,216
981,Land Rover,Noemi,2/24/2021,Paolina,218
982,Toyota,Sully,7/29/2021,Arni,265
983,Lexus,Martha,8/9/2020,Cassi,267
984,Cadillac,Leonelle,3/15/2021,Heidi,226
985,Mitsubishi,Juliane,3/6/2021,Bevvy,213
986,Suzuki,Dorian,4/4/2020,Sheree,288
987,Saab,Spenser,11/21/2020,Raffarty,253
988,Mitsubishi,Jessika,7/11/2021,Theodoric,300
989,Ford,Lennard,6/18/2018,Maye,268
990,Suzuki,Tybalt,2/22/2021,Alix,241
991,Dodge,Alexa,4/7/2021,Rycca,248
992,Toyota,Ilse,6/22/2021,Connie,218
993,Toyota,Carol-jean,5/16/2019,Zack,240
994,Toyota,Omero,4/23/2020,Aliza,287
995,Hyundai,Moshe,9/10/2018,Berthe,267
996,Dodge,Yvor,2/18/2022,Ezechiel,287
997,Nissan,Maje,12/13/2019,Vinnie,274
998,Nissan,Junette,2/19/2021,Eric,276
999,Mercedes-Benz,Saunders,11/4/2021,Maybelle,293
1000,Ford,Kristyn,11/8/2019,Fay,210
