id,firstname,lastname,email,gender,address,userrole
4002543,Cristal,Lea,clea0@dagondesign.com,Female,097 Upham Lane,Architect
4002544,Lisabeth,Killick,lkillick1@surveymonkey.com,Female,9284 Linden Drive,Supervisor
4002545,Latia,Petrie,lpetrie2@alexa.com,Male,351 Merry Trail,Electrician
4002546,Barbie,MacCoveney,bmaccoveney3@imdb.com,Male,294 Dryden Junction,Engineer
4002547,Matty,Cufflin,mcufflin4@csmonitor.com,Female,92 Memorial Road,Estimator
4002548,Myrta,Campes,mcampes5@vistaprint.com,Male,440 Sunnyside Terrace,Project Manager
4002549,Jerrome,Richley,jrichley6@blogs.com,Male,694 Hollow Ridge Center,Surveyor
4002550,Lin,Laxen,llaxen7@hostgator.com,Male,932 Mockingbird Crossing,Surveyor
4002551,Nolana,Perryman,nperryman8@ft.com,Female,83543 Westridge Court,Subcontractor
4002552,Sherm,Cicchetto,scicchetto9@ucoz.com,Male,5884 Jay Alley,Construction Worker
4002553,Miguel,Laughtisse,mlaughtissea@domainmarket.com,Female,7283 Badeau Hill,Surveyor
4002554,Betti,Allsup,ballsupb@unblog.fr,Male,4334 Waubesa Center,Construction Manager
4002555,Maribel,Koenen,mkoenenc@theglobeandmail.com,Male,71 Hooker Pass,Electrician
4002556,Benjie,Kinforth,bkinforthd@weibo.com,Male,53123 Arkansas Avenue,Construction Foreman
4002557,Uri,Haig,uhaige@yahoo.com,Female,31 Holmberg Junction,Estimator
4002558,Eberto,Fleg,eflegf@sbwire.com,Male,4403 Pankratz Plaza,Project Manager
4002559,Lindy,Tupie,ltupieg@devhub.com,Female,5932 Jackson Circle,Construction Expeditor
4002560,Althea,Woolliams,awoolliamsh@oakley.com,Male,42572 Shasta Parkway,Construction Foreman
4002561,Lanette,Shadfourth,lshadfourthi@nps.gov,Male,0588 Morrow Junction,Construction Expeditor
4002562,Starla,Colchett,scolchettj@naver.com,Male,72 Amoth Point,Supervisor
4002563,Lilas,Thomelin,lthomelink@hibu.com,Male,521 Chinook Trail,Electrician
4002564,Florenza,Whapple,fwhapplel@cdbaby.com,Female,19 Canary Pass,Architect
4002565,Myrilla,Stranieri,mstranierim@comsenz.com,Male,48 Rutledge Point,Estimator
4002566,Bunny,Wyeth,bwyethn@usgs.gov,Male,0 Sloan Plaza,Subcontractor
4002567,Luigi,Pyvis,lpyviso@miitbeian.gov.cn,Female,7482 Ohio Lane,Subcontractor
4002568,Gabbie,Kemble,gkemblep@auda.org.au,Female,75 Cody Crossing,Engineer
4002569,Faith,Sillars,fsillarsq@networkadvertising.org,Female,1 Farmco Junction,Construction Foreman
4002570,Stearn,Yankishin,syankishinr@typepad.com,Genderfluid,75 Grover Drive,Construction Foreman
4002571,Howey,Antonowicz,hantonowiczs@mysql.com,Male,5 Pepper Wood Point,Estimator
4002572,Freeland,Klich,fklicht@gnu.org,Male,529 Becker Circle,Engineer
4002573,Gussie,Cuer,gcueru@columbia.edu,Female,05 Saint Paul Lane,Construction Worker
4002574,Nichol,Pietroni,npietroniv@techcrunch.com,Female,85470 Logan Pass,Construction Expeditor
4002575,Cal,Jeves,cjevesw@google.de,Female,301 Hermina Crossing,Surveyor
4002576,Lion,Klemz,lklemzx@omniture.com,Female,339 Glacier Hill Trail,Estimator
4002577,Dominique,Fawltey,dfawlteyy@yale.edu,Male,80117 Fisk Point,Construction Expeditor
4002578,Oneida,Stickel,ostickelz@china.com.cn,Female,9 Kinsman Circle,Construction Expeditor
4002579,Valerye,Cammell,vcammell10@google.fr,Male,82183 Pankratz Hill,Estimator
4002580,Lief,Bettlestone,lbettlestone11@blogtalkradio.com,Female,7496 Hudson Place,Subcontractor
4002581,Claudell,McAlpin,cmcalpin12@miibeian.gov.cn,Male,41 Surrey Road,Surveyor
4002582,Georgette,Medendorp,gmedendorp13@uol.com.br,Male,859 Village Center,Estimator
4002583,Donny,Sedgemond,dsedgemond14@ox.ac.uk,Genderqueer,318 Gerald Hill,Electrician
4002584,Ashleigh,Coon,acoon15@tamu.edu,Female,61526 Merchant Court,Project Manager
4002585,Che,Chipman,cchipman16@ezinearticles.com,Agender,3378 Kedzie Way,Supervisor
4002586,Rafa,Dennant,rdennant17@ox.ac.uk,Female,860 International Street,Electrician
4002587,Rafaelita,Belison,rbelison18@nsw.gov.au,Male,236 Ilene Alley,Project Manager
4002588,Clevie,Munt,cmunt19@sourceforge.net,Female,48139 Claremont Lane,Surveyor
4002589,Ottilie,Kuzemka,okuzemka1a@hugedomains.com,Female,62461 Carioca Park,Construction Manager
4002590,Sallyann,Ollerearnshaw,sollerearnshaw1b@so-net.ne.jp,Genderfluid,68292 International Street,Estimator
4002591,Joyce,Rutter,jrutter1c@webmd.com,Female,116 Buell Drive,Construction Expeditor
4002592,Wilma,Heaslip,wheaslip1d@opensource.org,Male,9129 Southridge Place,Engineer
4002593,Phedra,Cowton,pcowton1e@blog.com,Female,40 Pearson Parkway,Construction Manager
4002594,Chery,Lechmere,clechmere1f@timesonline.co.uk,Male,3 Scofield Drive,Electrician
4002595,Brennen,Isles,bisles1g@elegantthemes.com,Female,6 Shoshone Place,Construction Expeditor
4002596,Olive,Beedom,obeedom1h@xrea.com,Male,572 Nelson Circle,Construction Expeditor
4002597,Emlen,Keppy,ekeppy1i@amazon.co.uk,Female,673 Sullivan Center,Supervisor
4002598,Shawna,Tabner,stabner1j@prweb.com,Female,6 Emmet Parkway,Estimator
4002599,Franciska,Dunbobbin,fdunbobbin1k@usa.gov,Female,177 Anzinger Circle,Construction Foreman
4002600,Luca,Massy,lmassy1l@pcworld.com,Male,1 School Circle,Architect
4002601,Florette,Bow,fbow1m@pen.io,Female,922 Lighthouse Bay Crossing,Estimator
4002602,Kermie,Stevens,kstevens1n@prlog.org,Female,61044 Bonner Way,Surveyor
4002603,Sid,Grellier,sgrellier1o@seattletimes.com,Female,7 Hazelcrest Alley,Construction Foreman
4002604,Raf,Marczyk,rmarczyk1p@va.gov,Female,54 Kipling Parkway,Surveyor
4002605,Elmira,Gopsill,egopsill1q@mapquest.com,Female,7 Northland Trail,Supervisor
4002606,Merrick,Bourgeois,mbourgeois1r@digg.com,Male,21035 Loomis Plaza,Project Manager
4002607,Chere,Searchwell,csearchwell1s@i2i.jp,Female,9744 Montana Point,Project Manager
4002608,Berri,Notton,bnotton1t@state.gov,Female,2 International Park,Subcontractor
4002609,Gilemette,Burrage,gburrage1u@g.co,Male,0197 Sachtjen Court,Construction Foreman
4002610,Kenton,Tows,ktows1v@ibm.com,Male,47 Cottonwood Parkway,Electrician
4002611,Raleigh,Brislen,rbrislen1w@illinois.edu,Genderfluid,624 Fair Oaks Parkway,Construction Expeditor
4002612,Gherardo,Faraday,gfaraday1x@imageshack.us,Female,693 Scott Circle,Estimator
4002613,Colby,Diviney,cdiviney1y@upenn.edu,Female,743 Kim Trail,Surveyor
4002614,Tobe,Dennitts,tdennitts1z@theatlantic.com,Male,9845 Kensington Avenue,Construction Expeditor
4002615,Manolo,Tripet,mtripet20@youtu.be,Female,08 Tony Junction,Subcontractor
4002616,Marna,McIlvenny,mmcilvenny21@un.org,Male,213 Raven Way,Surveyor
4002617,Deanna,Linfitt,dlinfitt22@wp.com,Male,78 Schurz Hill,Supervisor
4002618,Peggie,Filip,pfilip23@reddit.com,Female,23 Jana Terrace,Construction Worker
4002619,Jillie,Seebert,jseebert24@blogs.com,Male,4 Thackeray Way,Construction Manager
4002620,Frans,Sisnett,fsisnett25@google.cn,Male,62019 Mcguire Street,Engineer
4002621,Juana,Forrestor,jforrestor26@cloudflare.com,Genderfluid,3255 Fallview Hill,Construction Manager
4002622,Nicolina,Binton,nbinton27@umn.edu,Female,22 Transport Center,Construction Foreman
4002623,Charmain,Edgars,cedgars28@netscape.com,Male,71 Golf View Drive,Estimator
4002624,Yehudit,Albinson,yalbinson29@nytimes.com,Female,540 Sachtjen Terrace,Project Manager
4002625,Truda,Goldby,tgoldby2a@amazonaws.com,Female,7900 Dexter Parkway,Construction Manager
4002626,Dugald,Tollemache,dtollemache2b@artisteer.com,Male,12 Tony Parkway,Subcontractor
4002627,Brett,Whitelock,bwhitelock2c@rakuten.co.jp,Male,7 East Point,Architect
4002628,Gena,Dudderidge,gdudderidge2d@edublogs.org,Female,84 6th Court,Project Manager
4002629,Cullan,Rosewall,crosewall2e@businessweek.com,Female,621 Buell Park,Surveyor
4002630,Harlen,Dimanche,hdimanche2f@forbes.com,Male,220 Moose Trail,Construction Foreman
4002631,Victor,Queree,vqueree2g@utexas.edu,Polygender,6350 Mallory Park,Subcontractor
4002632,Carly,Gilogly,cgilogly2h@spiegel.de,Female,42922 Ramsey Alley,Subcontractor
4002633,Moina,Lammertz,mlammertz2i@storify.com,Agender,016 Nelson Point,Construction Expeditor
4002634,Demetris,Deeman,ddeeman2j@whitehouse.gov,Male,66709 Toban Court,Engineer
4002635,Josie,Barthorpe,jbarthorpe2k@blogtalkradio.com,Male,76758 Dorton Drive,Subcontractor
4002636,Vladamir,Tomsa,vtomsa2l@ucsd.edu,Female,70493 Forster Center,Engineer
4002637,Mandel,Roughey,mroughey2m@diigo.com,Male,26 Havey Road,Surveyor
4002638,Natassia,Springham,nspringham2n@last.fm,Female,39 Warrior Drive,Subcontractor
4002639,Drucie,Longford,dlongford2o@acquirethisname.com,Female,71458 Eastlawn Trail,Subcontractor
4002640,Erika,Gaukrodge,egaukrodge2p@blinklist.com,Male,6 Namekagon Avenue,Project Manager
4002641,Ed,Scraney,escraney2q@nps.gov,Female,20254 Onsgard Point,Construction Worker
4002642,Beverly,Micka,bmicka2r@prweb.com,Male,14708 Stuart Way,Subcontractor
4002643,Lammond,Brierley,lbrierley2s@sitemeter.com,Female,8678 Pepper Wood Trail,Surveyor
4002644,Dudley,Biscomb,dbiscomb2t@discuz.net,Female,1008 Esker Avenue,Project Manager
4002645,Aldric,Thrustle,athrustle2u@nbcnews.com,Female,3154 Talisman Drive,Electrician
4002646,Rania,Bernth,rbernth2v@163.com,Male,70 Glendale Drive,Supervisor
4002647,Dalila,Ovitts,dovitts2w@scientificamerican.com,Female,5 Green Drive,Construction Manager
4002648,Winny,Bridson,wbridson2x@icio.us,Female,3122 Ridgeway Avenue,Construction Foreman
4002649,Issie,Strothers,istrothers2y@multiply.com,Male,96575 Cody Junction,Subcontractor
4002650,Pancho,Waleran,pwaleran2z@amazon.co.jp,Male,19 Columbus Lane,Project Manager
4002651,Haslett,Gallone,hgallone30@oakley.com,Female,1277 Bobwhite Center,Construction Worker
4002652,Janel,Rishman,jrishman31@answers.com,Female,9666 Darwin Center,Surveyor
4002653,Darell,Shardlow,dshardlow32@walmart.com,Male,0541 Sutteridge Terrace,Engineer
4002654,Dewie,Masi,dmasi33@usatoday.com,Female,67563 Waywood Alley,Construction Foreman
4002655,Joane,Vasiliu,jvasiliu34@goo.gl,Male,96568 Messerschmidt Trail,Engineer
4002656,Blaire,Chestnutt,bchestnutt35@patch.com,Male,4 Carey Street,Engineer
4002657,Bryce,Linskey,blinskey36@zdnet.com,Male,41766 Rusk Crossing,Construction Foreman
4002658,Fred,Davidde,fdavidde37@redcross.org,Female,8569 Warner Pass,Subcontractor
4002659,Frank,Mirfield,fmirfield38@quantcast.com,Male,7172 Merry Alley,Subcontractor
4002660,Carrissa,Lyste,clyste39@salon.com,Genderfluid,2 Buena Vista Place,Construction Foreman
4002661,Kelsi,Albutt,kalbutt3a@bluehost.com,Bigender,044 Old Gate Center,Engineer
4002662,Tirrell,Purselowe,tpurselowe3b@illinois.edu,Female,23890 Ohio Junction,Construction Foreman
4002663,Terrel,Tesauro,ttesauro3c@amazon.co.jp,Male,78017 Clyde Gallagher Way,Construction Foreman
4002664,Hanna,Llorente,hllorente3d@mac.com,Female,4396 Graedel Parkway,Electrician
4002665,Berti,Rofe,brofe3e@mail.ru,Female,967 Cottonwood Center,Construction Worker
4002666,Mab,Henrion,mhenrion3f@i2i.jp,Female,80938 Arkansas Park,Estimator
4002667,Chris,Shapter,cshapter3g@ebay.com,Male,95 Daystar Street,Construction Expeditor
4002668,Ilysa,Pakes,ipakes3h@blinklist.com,Male,7 Green Drive,Supervisor
4002669,Maximilien,Dzeniskevich,mdzeniskevich3i@vimeo.com,Male,3951 Westport Alley,Project Manager
4002670,Maddie,Tommei,mtommei3j@homestead.com,Female,87 Troy Lane,Construction Expeditor
4002671,Frances,McCaskill,fmccaskill3k@sbwire.com,Male,3 Burning Wood Court,Architect
4002672,Horton,Drayson,hdrayson3l@twitter.com,Male,2 Pierstorff Pass,Project Manager
4002673,Glyn,Haworth,ghaworth3m@bandcamp.com,Male,9813 4th Place,Project Manager
4002674,Del,Haliday,dhaliday3n@biglobe.ne.jp,Female,8 Dakota Drive,Surveyor
4002675,Godart,Dooley,gdooley3o@wufoo.com,Male,3 Basil Way,Engineer
4002676,Tremain,Soigoux,tsoigoux3p@google.nl,Female,429 Spenser Hill,Project Manager
4002677,Hasty,Lob,hlob3q@reverbnation.com,Female,0135 Schurz Court,Project Manager
4002678,Lenka,Heading,lheading3r@de.vu,Female,4 Armistice Place,Project Manager
4002679,Mikael,Ellery,mellery3s@themeforest.net,Female,59341 Dayton Drive,Surveyor
4002680,Kattie,Bandt,kbandt3t@uol.com.br,Female,199 Twin Pines Drive,Architect
4002681,Bernarr,Buscombe,bbuscombe3u@virginia.edu,Male,029 Ryan Parkway,Engineer
4002682,Joellen,Isakovic,jisakovic3v@acquirethisname.com,Female,3 Washington Drive,Project Manager
4002683,Saw,Chue,schue3w@nsw.gov.au,Male,4 Prairie Rose Circle,Electrician
4002684,Gavan,Antham,gantham3x@fastcompany.com,Male,7701 Tennyson Junction,Subcontractor
4002685,Toby,Ingledew,tingledew3y@hhs.gov,Male,0405 Crest Line Lane,Engineer
4002686,Rachael,Crompton,rcrompton3z@fda.gov,Male,381 Bowman Court,Project Manager
4002687,Leela,Twinbourne,ltwinbourne40@newyorker.com,Female,6 Monterey Alley,Engineer
4002688,Francisca,Dunbobin,fdunbobin41@youku.com,Female,70 Magdeline Terrace,Electrician
4002689,Flin,Ridesdale,fridesdale42@sbwire.com,Female,61057 Mendota Way,Surveyor
4002690,Matilda,Stennine,mstennine43@addthis.com,Male,46629 Saint Paul Street,Surveyor
4002691,Pier,Axelbee,paxelbee44@admin.ch,Male,5 Spaight Center,Construction Expeditor
4002692,Essie,Lorraine,elorraine45@bigcartel.com,Male,428 Kennedy Pass,Subcontractor
4002693,Tucker,Ipwell,tipwell46@shop-pro.jp,Male,0 Monument Point,Supervisor
4002694,Dov,Polet,dpolet47@ucoz.com,Female,99 Warrior Place,Subcontractor
4002695,Xenos,Brocking,xbrocking48@sciencedaily.com,Female,63 Saint Paul Circle,Construction Expeditor
4002696,Ivy,Crimin,icrimin49@icio.us,Female,3793 Walton Street,Surveyor
4002697,Anatole,Treadaway,atreadaway4a@rakuten.co.jp,Male,67 Derek Alley,Construction Foreman
4002698,Pat,Radley,pradley4b@apache.org,Female,46 Division Place,Construction Worker
4002699,Halimeda,Downing,hdowning4c@va.gov,Male,9827 Mockingbird Lane,Subcontractor
4002700,Lanette,Quan,lquan4d@apple.com,Male,110 Kropf Circle,Supervisor
4002701,Kippy,Jakes,kjakes4e@vk.com,Male,747 Vernon Junction,Subcontractor
4002702,Ken,Titchener,ktitchener4f@privacy.gov.au,Male,5 Jenna Street,Surveyor
4002703,Ravid,Grigolon,rgrigolon4g@sfgate.com,Female,280 Saint Paul Trail,Construction Worker
4002704,Erroll,Banat,ebanat4h@topsy.com,Male,83 Hovde Trail,Electrician
4002705,Andonis,Tunstall,atunstall4i@intel.com,Bigender,42 Corscot Junction,Subcontractor
4002706,Lita,Hoxey,lhoxey4j@smh.com.au,Male,28 Glendale Hill,Construction Expeditor
4002707,Mill,Goulstone,mgoulstone4k@symantec.com,Male,511 Havey Court,Supervisor
4002708,Sylas,Heintze,sheintze4l@guardian.co.uk,Female,0131 Grayhawk Point,Electrician
4002709,Kaylil,Wimbush,kwimbush4m@over-blog.com,Female,49158 Pepper Wood Drive,Architect
4002710,Reggy,Palfrie,rpalfrie4n@narod.ru,Agender,86 Rutledge Point,Construction Foreman
4002711,Aggie,Tiltman,atiltman4o@google.ca,Female,38 Monument Street,Engineer
4002712,Anabelle,Chatenet,achatenet4p@latimes.com,Female,55 Lerdahl Road,Construction Manager
4002713,Tomkin,Morillas,tmorillas4q@histats.com,Male,1601 Eliot Hill,Construction Worker
4002714,Rex,Langstone,rlangstone4r@kickstarter.com,Male,41969 Mesta Hill,Project Manager
4002715,Oneida,Bascombe,obascombe4s@weebly.com,Male,1 Dapin Parkway,Construction Foreman
4002716,Marley,Endecott,mendecott4t@meetup.com,Female,4710 Dwight Court,Construction Manager
4002717,Lynn,Collier,lcollier4u@utexas.edu,Male,573 Sullivan Place,Architect
4002718,Merilee,Pennycock,mpennycock4v@earthlink.net,Genderfluid,8 Center Circle,Engineer
4002719,Ebenezer,Young,eyoung4w@indiatimes.com,Bigender,396 Claremont Way,Surveyor
4002720,Sallyann,Willishire,swillishire4x@boston.com,Bigender,20089 Cody Center,Construction Expeditor
4002721,Erhard,Linscott,elinscott4y@nps.gov,Male,801 Express Alley,Construction Worker
4002722,Garrick,Hardcastle,ghardcastle4z@digg.com,Female,61046 Florence Point,Surveyor
4002723,Corrine,Happert,chappert50@dropbox.com,Male,089 Hoffman Drive,Construction Expeditor
4002724,Mano,Spendlove,mspendlove51@gravatar.com,Female,578 Continental Place,Project Manager
4002725,Retha,Louch,rlouch52@reverbnation.com,Male,6111 Kingsford Parkway,Estimator
4002726,Pepe,Letixier,pletixier53@weather.com,Female,0363 Crest Line Center,Construction Manager
4002727,Denys,Keal,dkeal54@shareasale.com,Male,3322 Steensland Junction,Project Manager
4002728,Kissiah,Kerford,kkerford55@apache.org,Male,0499 Fair Oaks Way,Surveyor
4002729,Alphonso,McNern,amcnern56@slideshare.net,Female,87629 Caliangt Alley,Subcontractor
4002730,Shay,Simonetto,ssimonetto57@xing.com,Male,91 Cody Park,Estimator
4002731,Jess,Ethersey,jethersey58@naver.com,Female,0 Fisk Plaza,Project Manager
4002732,Chauncey,Moakler,cmoakler59@360.cn,Female,96632 Graceland Plaza,Electrician
4002733,Reamonn,Ottam,rottam5a@businessinsider.com,Agender,92 Dorton Alley,Electrician
4002734,Thomasin,Oseland,toseland5b@cmu.edu,Agender,40 Ruskin Crossing,Electrician
4002735,Cordie,De Vuyst,cdevuyst5c@exblog.jp,Female,80291 Calypso Lane,Supervisor
4002736,Georgeta,Westmerland,gwestmerland5d@addthis.com,Female,1837 Di Loreto Place,Electrician
4002737,Erasmus,MacNair,emacnair5e@tamu.edu,Female,80 Moose Crossing,Electrician
4002738,Erna,Preshous,epreshous5f@ameblo.jp,Female,15733 Darwin Drive,Engineer
4002739,Lock,Votier,lvotier5g@ted.com,Female,6 Bunting Plaza,Supervisor
4002740,Urson,Wallman,uwallman5h@xrea.com,Female,4644 Granby Trail,Construction Manager
4002741,Kate,Jaques,kjaques5i@usatoday.com,Genderqueer,8623 Valley Edge Point,Construction Manager
4002742,Muffin,Montfort,mmontfort5j@rakuten.co.jp,Male,35 Monterey Center,Project Manager
4002743,Robinetta,Casassa,rcasassa5k@livejournal.com,Female,35 Rockefeller Hill,Estimator
4002744,Annetta,O'Driscoll,aodriscoll5l@slideshare.net,Male,0 Hoepker Place,Architect
4002745,Ada,Culley,aculley5m@usatoday.com,Male,92592 Weeping Birch Terrace,Surveyor
4002746,Josselyn,Comiskey,jcomiskey5n@fema.gov,Female,6 Warner Road,Engineer
4002747,Godiva,Schankel,gschankel5o@boston.com,Female,95 Waxwing Lane,Project Manager
4002748,Dilly,Brunetti,dbrunetti5p@zimbio.com,Male,140 Hollow Ridge Pass,Supervisor
4002749,Jamill,McKinnon,jmckinnon5q@acquirethisname.com,Male,93 Bunker Hill Parkway,Engineer
4002750,Charissa,Drydale,cdrydale5r@hao123.com,Female,3 Green Ridge Way,Project Manager
4002751,Veda,Mockler,vmockler5s@sitemeter.com,Female,12898 Mitchell Court,Construction Manager
4002752,Thom,Kmicicki,tkmicicki5t@microsoft.com,Male,581 Oriole Way,Electrician
4002753,Jany,Pratty,jpratty5u@imageshack.us,Male,3 La Follette Avenue,Construction Expeditor
4002754,Jayne,Thresher,jthresher5v@webmd.com,Male,065 Homewood Alley,Construction Expeditor
4002755,Sherlocke,Geffe,sgeffe5w@squarespace.com,Male,2 Hoepker Parkway,Supervisor
4002756,Martyn,Beeke,mbeeke5x@nih.gov,Female,2 Claremont Crossing,Electrician
4002757,Grissel,Champney,gchampney5y@harvard.edu,Female,17 Sommers Terrace,Architect
4002758,Jorge,Cornillot,jcornillot5z@foxnews.com,Female,8997 Mallory Pass,Construction Expeditor
4002759,Doria,Cardinale,dcardinale60@networkadvertising.org,Female,47 Kipling Parkway,Construction Worker
4002760,Aloise,Tripe,atripe61@sakura.ne.jp,Genderfluid,2063 Lakeland Alley,Project Manager
4002761,Troy,Jerdan,tjerdan62@time.com,Genderqueer,7 Sherman Avenue,Subcontractor
4002762,Olav,Rogan,orogan63@exblog.jp,Female,7 Ryan Terrace,Architect
4002763,Marley,De Minico,mdeminico64@washington.edu,Bigender,97 Mcguire Plaza,Engineer
4002764,Corie,McGillivray,cmcgillivray65@nyu.edu,Male,4791 Shopko Terrace,Surveyor
4002765,Hebert,Piotr,hpiotr66@dell.com,Female,0 Trailsway Point,Estimator
4002766,Jammie,Hassent,jhassent67@marriott.com,Female,6782 Kipling Trail,Construction Foreman
4002767,Kesley,Cunney,kcunney68@ebay.co.uk,Male,06 Declaration Way,Construction Expeditor
4002768,Jarrad,Peye,jpeye69@barnesandnoble.com,Female,72 Comanche Place,Construction Worker
4002769,Pat,Barukh,pbarukh6a@arizona.edu,Female,9375 John Wall Avenue,Architect
4002770,Don,Levington,dlevington6b@amazon.com,Male,825 Sundown Plaza,Surveyor
4002771,Patty,Moorman,pmoorman6c@jugem.jp,Female,46707 Brentwood Drive,Estimator
4002772,Mignonne,Corsar,mcorsar6d@msu.edu,Male,2 Walton Way,Construction Expeditor
4002773,Reinhard,Vamplus,rvamplus6e@friendfeed.com,Female,0393 Thompson Drive,Surveyor
4002774,Wait,Dunster,wdunster6f@mail.ru,Male,46 Golden Leaf Point,Project Manager
4002775,Ezri,Manby,emanby6g@sciencedirect.com,Male,40 Basil Terrace,Surveyor
4002776,Carlin,Derbyshire,cderbyshire6h@paginegialle.it,Male,20 Arkansas Junction,Construction Foreman
4002777,Willi,Ponte,wponte6i@people.com.cn,Female,366 Petterle Way,Construction Manager
4002778,Maye,Schriren,mschriren6j@miitbeian.gov.cn,Female,841 Magdeline Street,Surveyor
4002779,Agnese,Laurentino,alaurentino6k@cnet.com,Non-binary,27 Sunbrook Place,Electrician
4002780,Carlina,Abrey,cabrey6l@apache.org,Female,1222 Comanche Point,Supervisor
4002781,Bonnie,Dundin,bdundin6m@paypal.com,Female,7 Fremont Way,Construction Expeditor
4002782,Maxie,Eynald,meynald6n@networksolutions.com,Male,7 Westend Pass,Estimator
4002783,Krystal,Bucknill,kbucknill6o@tinyurl.com,Female,2 Everett Alley,Construction Expeditor
4002784,Damara,Graal,dgraal6p@usatoday.com,Female,0468 Magdeline Hill,Architect
4002785,Marty,Holburn,mholburn6q@deliciousdays.com,Male,4124 Colorado Trail,Supervisor
4002786,Witty,Ortsmann,wortsmann6r@xinhuanet.com,Non-binary,017 Shopko Lane,Architect
4002787,Boony,Vinall,bvinall6s@yolasite.com,Male,7360 Oriole Hill,Electrician
4002788,Alica,Chicchetto,achicchetto6t@myspace.com,Male,95 Logan Parkway,Electrician
4002789,Electra,Stockdale,estockdale6u@pcworld.com,Male,1317 Novick Road,Subcontractor
4002790,Skye,Niave,sniave6v@mayoclinic.com,Female,588 Waxwing Center,Engineer
4002791,Gaylene,Croughan,gcroughan6w@csmonitor.com,Male,53 Lillian Trail,Architect
4002792,Rosaleen,Kincade,rkincade6x@diigo.com,Bigender,86400 Dayton Center,Construction Worker
4002793,Eran,Paget,epaget6y@bloglovin.com,Female,67079 Jay Avenue,Supervisor
4002794,Holly,Dowsett,hdowsett6z@nytimes.com,Male,5 Delaware Drive,Electrician
4002795,Joleen,Slott,jslott70@comcast.net,Male,345 Hayes Circle,Surveyor
4002796,Ettie,Board,eboard71@nasa.gov,Female,17416 Gulseth Pass,Supervisor
4002797,Arnuad,Dibble,adibble72@go.com,Female,42 Brentwood Pass,Construction Manager
4002798,Shirl,Ferby,sferby73@taobao.com,Female,9172 Sachtjen Pass,Architect
4002799,Lenard,Rhule,lrhule74@hugedomains.com,Bigender,6 Meadow Vale Hill,Supervisor
4002800,Ines,Hickford,ihickford75@google.co.uk,Male,20 Dwight Street,Supervisor
4002801,Yul,Bottomer,ybottomer76@epa.gov,Female,24 Golf Court,Subcontractor
4002802,Tiebout,Ossenna,tossenna77@php.net,Male,9305 Macpherson Point,Construction Foreman
4002803,Imogene,Carlick,icarlick78@fc2.com,Genderqueer,812 Westridge Place,Subcontractor
4002804,Arabella,Canto,acanto79@cam.ac.uk,Female,52 Armistice Street,Estimator
4002805,Gianni,Drage,gdrage7a@51.la,Male,42 Miller Place,Construction Expeditor
4002806,Win,Lyver,wlyver7b@zimbio.com,Female,43 Cottonwood Point,Subcontractor
4002807,Decca,Kingh,dkingh7c@exblog.jp,Female,443 Havey Point,Architect
4002808,Silvanus,Josupeit,sjosupeit7d@sina.com.cn,Male,2 Elgar Point,Subcontractor
4002809,Danielle,Dolbey,ddolbey7e@sourceforge.net,Male,95 Farragut Park,Project Manager
4002810,Ruthy,Laible,rlaible7f@samsung.com,Female,6 Lakewood Hill,Engineer
4002811,Matthus,Gabbott,mgabbott7g@youku.com,Female,6905 Division Street,Subcontractor
4002812,Britte,Tapp,btapp7h@nba.com,Male,1 Kropf Lane,Surveyor
4002813,Rodrick,McKenny,rmckenny7i@cdc.gov,Male,19639 Elmside Place,Construction Expeditor
4002814,Toddie,Flucker,tflucker7j@cmu.edu,Male,23 David Court,Estimator
4002815,Tanitansy,Meakes,tmeakes7k@japanpost.jp,Male,975 Logan Lane,Construction Foreman
4002816,Prentiss,Vannuchi,pvannuchi7l@dagondesign.com,Male,7 Darwin Parkway,Construction Manager
4002817,Galen,Ledingham,gledingham7m@indiatimes.com,Female,98 Surrey Place,Estimator
4002818,Maia,Vickers,mvickers7n@woothemes.com,Male,535 Novick Way,Subcontractor
4002819,Pietra,Rassmann,prassmann7o@skyrock.com,Non-binary,36 Mcbride Center,Project Manager
4002820,Devonne,Burburough,dburburough7p@omniture.com,Male,20979 Kipling Junction,Estimator
4002821,Sonya,Matejka,smatejka7q@sogou.com,Male,67146 Meadow Ridge Parkway,Construction Expeditor
4002822,Pandora,Deeves,pdeeves7r@odnoklassniki.ru,Female,159 Eagan Plaza,Supervisor
4002823,Bondie,O'Kennedy,bokennedy7s@printfriendly.com,Female,21 Tennyson Parkway,Construction Expeditor
4002824,Carlen,Poulton,cpoulton7t@51.la,Male,46 Crownhardt Place,Engineer
4002825,Nyssa,Floyed,nfloyed7u@addthis.com,Male,4355 Lindbergh Way,Project Manager
4002826,Anna-diana,Krolak,akrolak7v@free.fr,Bigender,8 Little Fleur Hill,Estimator
4002827,Janean,Bouttell,jbouttell7w@mtv.com,Female,2879 Waubesa Drive,Construction Manager
4002828,Rossie,Bratch,rbratch7x@smugmug.com,Male,91 Redwing Street,Construction Worker
4002829,Tara,Whight,twhight7y@omniture.com,Female,00743 Toban Circle,Engineer
4002830,Rosene,Fishenden,rfishenden7z@constantcontact.com,Female,12 Lakeland Park,Architect
4002831,Hersch,Dermot,hdermot80@sfgate.com,Female,30256 Northwestern Avenue,Engineer
4002832,Kristan,Sayer,ksayer81@diigo.com,Female,65 Montana Place,Construction Manager
4002833,Joshia,Severns,jseverns82@google.es,Female,6 Bartelt Place,Construction Expeditor
4002834,Katerine,Langthorne,klangthorne83@taobao.com,Female,0506 2nd Crossing,Estimator
4002835,Ilyssa,Jentet,ijentet84@pagesperso-orange.fr,Female,33820 Oak Valley Way,Surveyor
4002836,Gweneth,Amori,gamori85@ox.ac.uk,Male,9163 Prentice Trail,Architect
4002837,Brigham,Craigg,bcraigg86@google.co.uk,Female,2 Annamark Pass,Construction Foreman
4002838,Jenifer,Baignard,jbaignard87@desdev.cn,Female,9598 Maryland Pass,Architect
4002839,Morris,Hudghton,mhudghton88@kickstarter.com,Male,3 Katie Pass,Project Manager
4002840,Roderic,Coey,rcoey89@last.fm,Female,8 Harper Plaza,Surveyor
4002841,Ophelie,Stranieri,ostranieri8a@rambler.ru,Female,71030 Grim Court,Construction Manager
4002842,Cori,Cartmel,ccartmel8b@europa.eu,Female,05 Lunder Alley,Architect
4002843,Arline,Peasegod,apeasegod8c@studiopress.com,Female,4290 Roxbury Avenue,Architect
4002844,Robinett,Oxenham,roxenham8d@digg.com,Female,5 Iowa Court,Project Manager
4002845,Veriee,Allenby,vallenby8e@opensource.org,Female,63049 Express Drive,Construction Manager
4002846,Ashlee,Lydford,alydford8f@si.edu,Male,4219 Harper Circle,Subcontractor
4002847,Ingunna,Balog,ibalog8g@acquirethisname.com,Female,57 Pankratz Way,Project Manager
4002848,Novelia,Shillam,nshillam8h@usa.gov,Female,8 Linden Hill,Architect
4002849,Federica,Fletcher,ffletcher8i@oakley.com,Female,1271 Loomis Park,Supervisor
4002850,Melosa,Barnewelle,mbarnewelle8j@tripadvisor.com,Male,1525 Gale Drive,Project Manager
4002851,Jennette,Gipp,jgipp8k@nbcnews.com,Female,8 Shelley Crossing,Project Manager
4002852,Pooh,Baud,pbaud8l@mail.ru,Female,8 Starling Parkway,Engineer
4002853,Letisha,Wigin,lwigin8m@psu.edu,Male,782 Talisman Court,Supervisor
4002854,Efrem,Precious,eprecious8n@ftc.gov,Female,405 Montana Place,Project Manager
4002855,Norton,Bea,nbea8o@deliciousdays.com,Female,0613 Weeping Birch Center,Construction Expeditor
4002856,Randolf,Samudio,rsamudio8p@ebay.com,Male,30 Graceland Drive,Project Manager
4002857,Rosa,Gelardi,rgelardi8q@go.com,Female,1757 American Ash Way,Supervisor
4002858,Amabelle,Bemrose,abemrose8r@de.vu,Female,443 6th Drive,Construction Worker
4002859,Inigo,Westphalen,iwestphalen8s@apache.org,Male,54 Bonner Avenue,Supervisor
4002860,Moss,Stening,mstening8t@bravesites.com,Male,22092 Steensland Center,Electrician
4002861,Jenna,Baggett,jbaggett8u@java.com,Female,47 Gina Parkway,Estimator
4002862,Roana,Dowdeswell,rdowdeswell8v@google.de,Male,12887 Twin Pines Street,Electrician
4002863,Berky,Griggs,bgriggs8w@list-manage.com,Female,8475 Independence Plaza,Architect
4002864,Gilbertina,Rossiter,grossiter8x@upenn.edu,Female,678 Dahle Pass,Surveyor
4002865,Antonella,Hurworth,ahurworth8y@yale.edu,Female,8334 Hoffman Junction,Architect
4002866,Collie,Shinton,cshinton8z@scientificamerican.com,Female,987 Calypso Point,Surveyor
4002867,Britney,Jedraszek,bjedraszek90@dailymail.co.uk,Male,71125 Mcguire Park,Subcontractor
4002868,Danielle,Laxtonne,dlaxtonne91@epa.gov,Male,910 Heath Court,Subcontractor
4002869,Cesare,Minton,cminton92@163.com,Non-binary,51 Hovde Street,Estimator
4002870,Serge,Pasfield,spasfield93@github.io,Female,858 Farragut Center,Construction Worker
4002871,Willis,Reddick,wreddick94@mail.ru,Female,4 Barnett Junction,Construction Foreman
4002872,Justine,Siggin,jsiggin95@dyndns.org,Female,3 Prentice Avenue,Supervisor
4002873,Oberon,Spreull,ospreull96@sogou.com,Male,86946 Sage Crossing,Construction Foreman
4002874,Dorene,Lockyear,dlockyear97@apple.com,Female,3903 Dorton Circle,Construction Expeditor
4002875,Abbey,Brasted,abrasted98@smh.com.au,Male,90853 Anderson Street,Subcontractor
4002876,Hubie,Allsep,hallsep99@ca.gov,Genderfluid,4 Jenifer Trail,Construction Worker
4002877,Carena,Washbrook,cwashbrook9a@google.it,Male,6 Kings Way,Engineer
4002878,Nissy,De Vries,ndevries9b@diigo.com,Genderfluid,99 Sullivan Drive,Architect
4002879,Parsifal,McCarly,pmccarly9c@bbc.co.uk,Male,070 Carioca Court,Engineer
4002880,Bambi,Eouzan,beouzan9d@51.la,Male,51 Everett Lane,Project Manager
4002881,Hank,Gerhartz,hgerhartz9e@sun.com,Male,33081 Dorton Pass,Subcontractor
4002882,Filberto,Bonhomme,fbonhomme9f@bloomberg.com,Female,5 Lighthouse Bay Center,Subcontractor
4002883,Isak,Hospital,ihospital9g@elpais.com,Agender,6 Meadow Ridge Alley,Architect
4002884,Quent,Moakler,qmoakler9h@unicef.org,Male,83453 Loftsgordon Parkway,Construction Foreman
4002885,Barnebas,Craxford,bcraxford9i@netvibes.com,Female,33 La Follette Court,Subcontractor
4002886,Thea,Provost,tprovost9j@woothemes.com,Male,4834 Ridgeway Circle,Construction Foreman
4002887,Brittaney,McCarter,bmccarter9k@hp.com,Polygender,92 Redwing Hill,Construction Foreman
4002888,Nanci,Massard,nmassard9l@nsw.gov.au,Genderfluid,9853 Rutledge Pass,Project Manager
4002889,Mora,Patershall,mpatershall9m@paypal.com,Male,143 Eagan Way,Construction Expeditor
4002890,Allx,Huard,ahuard9n@com.com,Male,36 Marcy Hill,Estimator
4002891,Renae,Sidworth,rsidworth9o@yale.edu,Male,3775 Alpine Trail,Construction Manager
4002892,Bette-ann,Le Floch,blefloch9p@nba.com,Female,4 Dayton Crossing,Construction Expeditor
4002893,Tori,Littrell,tlittrell9q@reverbnation.com,Male,978 Jenifer Place,Construction Foreman
4002894,Winne,Walkinshaw,wwalkinshaw9r@ovh.net,Female,9 Butternut Park,Construction Worker
4002895,Pattin,Woolmer,pwoolmer9s@microsoft.com,Female,2662 Del Mar Hill,Architect
4002896,Nadia,Risbrough,nrisbrough9t@hhs.gov,Male,0586 Prairie Rose Place,Project Manager
4002897,Reinhard,Greguol,rgreguol9u@spotify.com,Female,60877 Susan Crossing,Construction Expeditor
4002898,Bartholomew,Traves,btraves9v@wikimedia.org,Male,30 Boyd Road,Estimator
4002899,Sondra,Waber,swaber9w@opensource.org,Male,6260 Alpine Drive,Supervisor
4002900,Chandra,Yeabsley,cyeabsley9x@example.com,Female,1 School Street,Supervisor
4002901,Shalne,Ridsdole,sridsdole9y@cocolog-nifty.com,Female,5 Rowland Pass,Estimator
4002902,Moises,Sisey,msisey9z@myspace.com,Male,08157 Ryan Hill,Construction Foreman
4002903,Rachele,Tibbetts,rtibbettsa0@cloudflare.com,Male,3667 Farragut Center,Construction Worker
4002904,Thia,Hobell,thobella1@biglobe.ne.jp,Female,59 Atwood Crossing,Architect
4002905,Lynsey,Bilsland,lbilslanda2@hp.com,Male,18293 Merchant Plaza,Construction Foreman
4002906,Tiphany,Vyvyan,tvyvyana3@freewebs.com,Non-binary,98 Darwin Way,Surveyor
4002907,Albertine,Laugier,alaugiera4@cpanel.net,Female,0 Ronald Regan Park,Construction Manager
4002908,Evangeline,Tombling,etomblinga5@foxnews.com,Male,80910 Memorial Parkway,Architect
4002909,Willabella,Sorrel,wsorrela6@devhub.com,Male,00 7th Lane,Architect
4002910,Alexa,Gandey,agandeya7@moonfruit.com,Female,22983 Golf View Court,Construction Manager
4002911,Gene,Houseman,ghousemana8@purevolume.com,Genderfluid,1 Stone Corner Way,Construction Worker
4002912,Alden,Kiffin,akiffina9@furl.net,Male,258 Lawn Parkway,Construction Worker
4002913,Wiley,Halfacree,whalfacreeaa@xing.com,Genderqueer,42 Lunder Trail,Construction Manager
4002914,Otis,Van Hove,ovanhoveab@state.tx.us,Female,9845 Everett Center,Surveyor
4002915,Giraud,Matyushkin,gmatyushkinac@ustream.tv,Female,24716 Delaware Trail,Construction Manager
4002916,Jenica,O'Hallihane,johallihanead@google.com.au,Male,5376 Mallory Pass,Estimator
4002917,Elyn,Serjent,eserjentae@goo.ne.jp,Female,5 Harper Terrace,Construction Manager
4002918,Giavani,Marfell,gmarfellaf@wunderground.com,Male,1548 Main Junction,Architect
4002919,Sabina,Creeber,screeberag@qq.com,Male,2 Holy Cross Avenue,Construction Manager
4002920,Marja,Clappson,mclappsonah@google.ca,Non-binary,92449 Acker Terrace,Construction Worker
4002921,Wolfgang,Limpkin,wlimpkinai@blogspot.com,Male,9 Nobel Point,Project Manager
4002922,Sloane,Margerison,smargerisonaj@dell.com,Bigender,712 Artisan Road,Engineer
4002923,Bevan,Gosart,bgosartak@pen.io,Male,55 Tennessee Lane,Construction Expeditor
4002924,Blisse,Bushe,bbusheal@netlog.com,Male,1589 Eastwood Avenue,Project Manager
4002925,Tami,Duding,tdudingam@biblegateway.com,Male,06 Loeprich Drive,Estimator
4002926,Sheba,Checklin,schecklinan@berkeley.edu,Female,9 Utah Park,Electrician
4002927,Desi,Linger,dlingerao@youku.com,Male,540 Vera Point,Construction Foreman
4002928,Lucy,Colleymore,lcolleymoreap@si.edu,Female,40 Linden Crossing,Construction Worker
4002929,Udall,Himsworth,uhimsworthaq@is.gd,Female,654 Mayfield Parkway,Project Manager
4002930,Nonie,Simonnot,nsimonnotar@friendfeed.com,Female,4377 Darwin Alley,Architect
4002931,Carola,Bruntjen,cbruntjenas@about.com,Male,459 1st Park,Project Manager
4002932,Lucretia,Feldhammer,lfeldhammerat@ca.gov,Female,91959 Glendale Avenue,Architect
4002933,Karoly,Butland,kbutlandau@over-blog.com,Male,121 Village Green Road,Project Manager
4002934,Betteann,Waterhowse,bwaterhowseav@homestead.com,Female,95 Monument Avenue,Construction Worker
4002935,Wendi,Strutz,wstrutzaw@chicagotribune.com,Female,7357 Oakridge Street,Construction Worker
4002936,Kaela,Gilardone,kgilardoneax@nsw.gov.au,Female,25235 Scofield Drive,Supervisor
4002937,Andi,Whilde,awhildeay@people.com.cn,Female,4854 Bunting Trail,Construction Manager
4002938,Russ,Braunthal,rbraunthalaz@tinypic.com,Female,61 Eggendart Trail,Supervisor
4002939,Ester,Joskowicz,ejoskowiczb0@creativecommons.org,Female,2067 Stang Center,Construction Foreman
4002940,Frank,Alexis,falexisb1@answers.com,Female,85 Derek Pass,Subcontractor
4002941,Laverne,Deane,ldeaneb2@tuttocitta.it,Male,374 Cardinal Road,Engineer
4002942,Burnaby,Scrowson,bscrowsonb3@chicagotribune.com,Polygender,4505 Victoria Junction,Supervisor
4002943,Kalina,Gleasane,kgleasaneb4@fotki.com,Male,6715 Prentice Point,Construction Foreman
4002944,Duky,Crigin,dcriginb5@geocities.jp,Genderqueer,99401 Logan Alley,Construction Worker
4002945,Sawyer,MacLardie,smaclardieb6@springer.com,Male,9881 Moose Circle,Subcontractor
4002946,Scarface,Gravett,sgravettb7@com.com,Female,05083 Pearson Alley,Construction Manager
4002947,Cary,Carlens,ccarlensb8@reference.com,Polygender,9 Jay Hill,Architect
4002948,Opalina,Blacker,oblackerb9@princeton.edu,Female,444 Manufacturers Lane,Project Manager
4002949,Claudie,Cordeiro,ccordeiroba@marketwatch.com,Female,6 Warner Junction,Construction Manager
4002950,Christoper,Romain,cromainbb@people.com.cn,Female,1553 Hovde Park,Estimator
4002951,Erinna,Bockmann,ebockmannbc@cdbaby.com,Female,37465 Cody Plaza,Supervisor
4002952,Ulla,Landells,ulandellsbd@vimeo.com,Male,50 Nobel Place,Project Manager
4002953,Bobbye,Rivlin,brivlinbe@theglobeandmail.com,Male,333 Ridgeview Junction,Supervisor
4002954,Auberta,Stentiford,astentifordbf@zimbio.com,Agender,82752 Bayside Point,Engineer
4002955,Idell,Badham,ibadhambg@upenn.edu,Male,1 Haas Avenue,Estimator
4002956,Penelope,Dufore,pduforebh@t.co,Female,40051 Walton Pass,Subcontractor
4002957,Ollie,Damper,odamperbi@dropbox.com,Genderqueer,3516 Oneill Circle,Construction Manager
4002958,Bryan,Stockell,bstockellbj@domainmarket.com,Female,40123 7th Pass,Estimator
4002959,Kirsti,Rabidge,krabidgebk@phoca.cz,Female,8 Comanche Terrace,Subcontractor
4002960,Brnaby,Tym,btymbl@yandex.ru,Female,37 Erie Place,Architect
4002961,Edwina,Nares,enaresbm@a8.net,Male,4 Trailsway Place,Construction Expeditor
4002962,Freda,Blamey,fblameybn@last.fm,Polygender,7 Redwing Street,Subcontractor
4002963,Stacie,Kobierzycki,skobierzyckibo@biblegateway.com,Female,35 Merry Road,Subcontractor
4002964,Vernen,Maryon,vmaryonbp@delicious.com,Agender,75870 Loftsgordon Lane,Construction Foreman
4002965,Cecil,Rooson,croosonbq@arstechnica.com,Male,40 Michigan Crossing,Architect
4002966,Georgie,D'Aubney,gdaubneybr@ted.com,Female,775 Little Fleur Point,Surveyor
4002967,Templeton,Senior,tseniorbs@dedecms.com,Female,44 Schiller Road,Surveyor
4002968,Kalvin,Hockell,khockellbt@dyndns.org,Male,8994 Spohn Park,Surveyor
4002969,Melisa,Badini,mbadinibu@oakley.com,Male,84 Schlimgen Terrace,Estimator
4002970,Si,Quarry,squarrybv@imgur.com,Female,98 Elmside Circle,Construction Foreman
4002971,Chloris,Culvey,cculveybw@geocities.com,Male,2 Ohio Hill,Surveyor
4002972,Waldo,Bittany,wbittanybx@hubpages.com,Male,272 8th Park,Construction Foreman
4002973,Elsie,Phythien,ephythienby@unesco.org,Female,19275 Barnett Street,Electrician
4002974,Adorne,Eastcott,aeastcottbz@nymag.com,Female,9 Leroy Pass,Construction Expeditor
4002975,Zabrina,Wallach,zwallachc0@businessweek.com,Female,7 Lakewood Drive,Construction Worker
4002976,Bonnibelle,De Maria,bdemariac1@netscape.com,Male,2 Mosinee Pass,Engineer
4002977,Jeno,Elgram,jelgramc2@chron.com,Female,65696 Surrey Drive,Architect
4002978,Lucian,Grangier,lgrangierc3@army.mil,Male,02 Crescent Oaks Plaza,Surveyor
4002979,Willie,Tavener,wtavenerc4@soundcloud.com,Male,708 Kensington Junction,Construction Foreman
4002980,Arther,Worsam,aworsamc5@comsenz.com,Female,95042 Pond Hill,Surveyor
4002981,Kenton,Limmer,klimmerc6@github.io,Genderfluid,37457 Springview Terrace,Surveyor
4002982,Lauryn,Hibbart,lhibbartc7@cbc.ca,Female,45837 Victoria Parkway,Supervisor
4002983,Carson,Ellwell,cellwellc8@parallels.com,Male,0547 Farwell Alley,Supervisor
4002984,Kile,Clacson,kclacsonc9@studiopress.com,Male,98 South Circle,Supervisor
4002985,Ali,Fayne,afayneca@ft.com,Female,82 Larry Crossing,Supervisor
4002986,Felice,Wellbelove,fwellbelovecb@biblegateway.com,Male,0503 Katie Pass,Project Manager
4002987,Sande,Carver,scarvercc@ihg.com,Female,3 Hudson Drive,Estimator
4002988,Milty,Olpin,molpincd@ted.com,Male,2 Northview Drive,Construction Worker
4002989,Guido,Sheed,gsheedce@i2i.jp,Male,94677 Tomscot Court,Surveyor
4002990,Ab,Gerholz,agerholzcf@a8.net,Female,30278 Service Street,Surveyor
4002991,Che,Noriega,cnoriegacg@harvard.edu,Male,73580 Clarendon Parkway,Construction Manager
4002992,Adria,Rock,arockch@networksolutions.com,Male,8795 Haas Drive,Construction Foreman
4002993,Amalle,Apted,aaptedci@hc360.com,Male,2900 Saint Paul Trail,Estimator
4002994,Ricky,Laxson,rlaxsoncj@un.org,Male,6 Northwestern Center,Architect
4002995,Neddy,Munning,nmunningck@addtoany.com,Female,4538 Steensland Lane,Construction Manager
4002996,Saul,Uglow,suglowcl@unc.edu,Male,0 Schiller Park,Architect
4002997,Eunice,Fitton,efittoncm@unc.edu,Female,50922 Kropf Place,Surveyor
4002998,Devlin,Livesley,dlivesleycn@phpbb.com,Male,2 Graceland Parkway,Construction Manager
4002999,Regina,Larmet,rlarmetco@rambler.ru,Female,77 Autumn Leaf Point,Construction Foreman
4003000,Venus,Dilland,vdillandcp@cornell.edu,Male,06 Oak Valley Way,Construction Foreman
4003001,Dorothea,Verna,dvernacq@naver.com,Female,65 Dayton Road,Subcontractor
4003002,Orren,Lillywhite,olillywhitecr@list-manage.com,Female,860 Hauk Junction,Architect
4003003,Godfrey,Medgwick,gmedgwickcs@plala.or.jp,Female,0843 Forest Run Street,Estimator
4003004,Buckie,Gherardelli,bgherardellict@creativecommons.org,Female,56 Esker Alley,Estimator
4003005,Zilvia,Laidel,zlaidelcu@sina.com.cn,Female,0 Lawn Way,Engineer
4003006,Trstram,Hazael,thazaelcv@digg.com,Male,3336 Moulton Trail,Supervisor
4003007,Rayner,Burnsides,rburnsidescw@indiegogo.com,Female,86 Luster Parkway,Construction Worker
4003008,Dudley,Iaduccelli,diaduccellicx@tamu.edu,Female,2 Gateway Junction,Electrician
4003009,Doralia,Di Batista,ddibatistacy@cbc.ca,Male,737 Forest Run Place,Construction Manager
4003010,Ketty,Nicol,knicolcz@umn.edu,Female,4487 Clemons Terrace,Construction Expeditor
4003011,Elisa,Sinclair,esinclaird0@va.gov,Female,45 Eastlawn Plaza,Supervisor
4003012,Tamera,Claricoats,tclaricoatsd1@github.io,Male,5258 Blue Bill Park Pass,Architect
4003013,Fabien,Trippick,ftrippickd2@unicef.org,Female,215 Forest Run Drive,Electrician
4003014,Friederike,Fessby,ffessbyd3@globo.com,Female,797 Leroy Center,Architect
4003015,Lonnie,Joska,ljoskad4@shinystat.com,Male,470 Fallview Place,Surveyor
4003016,Krystyna,Kornacki,kkornackid5@utexas.edu,Male,2915 Brickson Park Road,Electrician
4003017,Cami,Nassy,cnassyd6@feedburner.com,Female,5 Knutson Trail,Architect
4003018,Bordie,Coleiro,bcoleirod7@webs.com,Male,32 Springs Terrace,Architect
4003019,Mariquilla,Batman,mbatmand8@noaa.gov,Male,9844 Brentwood Plaza,Engineer
4003020,Pren,Carslake,pcarslaked9@google.nl,Male,54971 3rd Street,Surveyor
4003021,Dedie,Niccolls,dniccollsda@gnu.org,Female,1251 Mayfield Terrace,Estimator
4003022,Ethelred,Assiratti,eassirattidb@squidoo.com,Genderfluid,88 Hovde Crossing,Project Manager
4003023,Debera,Le Monnier,dlemonnierdc@spotify.com,Male,401 Green Pass,Architect
4003024,Terrie,Verry,tverrydd@naver.com,Female,5 1st Court,Supervisor
4003025,Carine,McLese,cmclesede@mtv.com,Male,882 Thompson Avenue,Surveyor
4003026,Marley,Moylan,mmoylandf@hp.com,Female,6 Manufacturers Alley,Construction Expeditor
4003027,Pate,Grisard,pgrisarddg@umn.edu,Male,4908 Riverside Plaza,Project Manager
4003028,Libbie,Ivshin,livshindh@house.gov,Male,33 Mitchell Crossing,Construction Expeditor
4003029,Mickey,Filipov,mfilipovdi@cpanel.net,Male,458 Grayhawk Park,Surveyor
4003030,Gui,Blackmuir,gblackmuirdj@alibaba.com,Female,43209 Northridge Avenue,Construction Foreman
4003031,Clerkclaude,Poytheras,cpoytherasdk@cargocollective.com,Male,2862 Bunker Hill Point,Construction Manager
4003032,Petronella,Milby,pmilbydl@weibo.com,Female,7815 Del Mar Hill,Subcontractor
4003033,Sande,Hall-Gough,shallgoughdm@opera.com,Male,60514 Sycamore Place,Construction Foreman
4003034,Mathe,Reffe,mreffedn@pcworld.com,Female,3819 Pleasure Place,Construction Worker
4003035,Locke,Crombleholme,lcrombleholmedo@telegraph.co.uk,Female,62879 Miller Junction,Subcontractor
4003036,Domenic,McMonnies,dmcmonniesdp@wp.com,Agender,50 Sheridan Way,Electrician
4003037,Josi,Meletti,jmelettidq@soup.io,Female,72 Tony Pass,Subcontractor
4003038,Lauri,MacGillreich,lmacgillreichdr@xing.com,Female,05 Mcbride Crossing,Construction Foreman
4003039,Randal,Feasley,rfeasleyds@cornell.edu,Female,3449 Blackbird Drive,Supervisor
4003040,Llewellyn,Guare,lguaredt@cpanel.net,Female,783 Lakeland Crossing,Subcontractor
4003041,Jay,Verbrugghen,jverbrugghendu@dagondesign.com,Female,821 Northwestern Way,Estimator
4003042,Ellene,de'-Ancy Willis,edeancywillisdv@tripadvisor.com,Non-binary,62095 Kenwood Drive,Electrician
4003043,Glendon,Sichardt,gsichardtdw@bbc.co.uk,Polygender,5863 Pennsylvania Terrace,Electrician
4003044,Ludovico,Isaq,lisaqdx@infoseek.co.jp,Female,14 Spaight Circle,Electrician
4003045,Rocky,Ferrara,rferrarady@globo.com,Female,555 Forest Run Street,Project Manager
4003046,Gaye,Cornfoot,gcornfootdz@mit.edu,Male,4440 Scoville Court,Subcontractor
4003047,Pooh,Freed,pfreede0@spotify.com,Female,6 Fremont Crossing,Subcontractor
4003048,Lancelot,Amps,lampse1@google.nl,Male,7602 Rusk Alley,Estimator
4003049,Pepito,Russ,prusse2@ox.ac.uk,Male,77 Coolidge Center,Engineer
4003050,Jeremie,Normavell,jnormavelle3@intel.com,Male,3290 Riverside Way,Construction Manager
4003051,Delphine,Fernez,dferneze4@sakura.ne.jp,Male,1 Oak Plaza,Construction Foreman
4003052,Kylila,Anten,kantene5@fc2.com,Male,5 Schmedeman Alley,Construction Manager
4003053,Ethelin,Mussotti,emussottie6@house.gov,Male,69519 Nancy Place,Construction Manager
4003054,Arel,Syder,asydere7@pen.io,Male,6032 Utah Park,Electrician
4003055,Vaughan,Priestman,vpriestmane8@domainmarket.com,Male,20388 Cardinal Street,Electrician
4003056,Letti,Sapsed,lsapsede9@jalbum.net,Male,737 Bay Road,Electrician
4003057,Claudio,Oleszcuk,coleszcukea@xing.com,Female,0 Roth Plaza,Construction Foreman
4003058,Sisely,Sturte,ssturteeb@vk.com,Non-binary,0099 Fairview Park,Subcontractor
4003059,Deina,Choffin,dchoffinec@dagondesign.com,Bigender,6582 Steensland Crossing,Construction Foreman
4003060,Ermengarde,Ferreira,eferreiraed@yandex.ru,Male,960 Evergreen Lane,Construction Manager
4003061,Alena,Lawie,alawieee@netlog.com,Male,3 Sunnyside Court,Construction Worker
4003062,Gabi,Waycott,gwaycottef@sciencedaily.com,Male,29943 Cody Crossing,Supervisor
4003063,Idelle,Oldcote,ioldcoteeg@stumbleupon.com,Female,7768 Charing Cross Drive,Architect
4003064,Ayn,Viggars,aviggarseh@bravesites.com,Female,4240 Chive Road,Subcontractor
4003065,Blithe,Rodinger,brodingerei@merriam-webster.com,Female,976 Tennyson Park,Estimator
4003066,Alyosha,Corde,acordeej@hibu.com,Male,8291 Del Mar Drive,Construction Manager
4003067,Frederigo,Dowrey,fdowreyek@google.it,Male,16796 Hoepker Court,Construction Expeditor
4003068,Cody,Streater,cstreaterel@woothemes.com,Male,05080 Northport Way,Architect
4003069,Orin,Regan,oreganem@feedburner.com,Male,82 Elka Street,Engineer
4003070,Erena,Shawcross,eshawcrossen@moonfruit.com,Male,174 Bay Road,Construction Expeditor
4003071,Hermine,Allmann,hallmanneo@mashable.com,Polygender,537 Eastlawn Way,Subcontractor
4003072,Lynda,Dodridge,ldodridgeep@histats.com,Female,033 Mayfield Parkway,Estimator
4003073,Bryn,Kemetz,bkemetzeq@meetup.com,Female,8126 Surrey Trail,Construction Expeditor
4003074,Ambrosi,Lakey,alakeyer@istockphoto.com,Male,67 Maple Plaza,Construction Expeditor
4003075,Ann-marie,Godley,agodleyes@eepurl.com,Male,7 Clarendon Street,Subcontractor
4003076,Ansell,Durrans,adurranset@alibaba.com,Female,4 Laurel Street,Engineer
4003077,Pauli,Gerok,pgerokeu@simplemachines.org,Female,6200 Dakota Place,Project Manager
4003078,Nessie,Korda,nkordaev@gravatar.com,Male,09 Old Shore Plaza,Surveyor
4003079,Adi,De Beneditti,adebenedittiew@artisteer.com,Female,3 David Drive,Engineer
4003080,Angelle,Raggles,aragglesex@bloglovin.com,Female,689 Northport Way,Project Manager
4003081,Duke,Dinan,ddinaney@deviantart.com,Male,4 Heath Center,Construction Expeditor
4003082,Suzi,Tolfrey,stolfreyez@histats.com,Female,4516 Colorado Plaza,Engineer
4003083,Barry,Fuzzard,bfuzzardf0@china.com.cn,Male,02986 Summerview Junction,Surveyor
4003084,Clayborn,Van Leeuwen,cvanleeuwenf1@guardian.co.uk,Female,09054 Morningstar Circle,Surveyor
4003085,Mellisa,Rainy,mrainyf2@1und1.de,Female,67 Merchant Trail,Surveyor
4003086,Barney,Marcum,bmarcumf3@360.cn,Male,8514 Declaration Lane,Estimator
4003087,Shae,Baldazzi,sbaldazzif4@bloglines.com,Female,1 Anthes Court,Construction Manager
4003088,Prisca,Gregoire,pgregoiref5@nyu.edu,Male,1518 Eagan Road,Electrician
4003089,Zacharia,Nizard,znizardf6@springer.com,Female,7296 Summer Ridge Way,Architect
4003090,Zorina,Moxsom,zmoxsomf7@sun.com,Male,70770 Oakridge Point,Architect
4003091,Wandis,Sikorski,wsikorskif8@ox.ac.uk,Bigender,05 Tony Park,Construction Worker
4003092,Arlyn,Barfford,abarffordf9@biglobe.ne.jp,Female,40 Crescent Oaks Crossing,Project Manager
4003093,Kermie,Stapells,kstapellsfa@gravatar.com,Male,1522 Anhalt Terrace,Architect
4003094,Kincaid,Carass,kcarassfb@nytimes.com,Male,225 Grover Plaza,Electrician
4003095,Brade,Desesquelle,bdesesquellefc@ycombinator.com,Female,97241 Blue Bill Park Lane,Electrician
4003096,Parke,Druhan,pdruhanfd@omniture.com,Female,9 Claremont Court,Construction Worker
4003097,Deina,Matteau,dmatteaufe@gravatar.com,Male,64 Bay Avenue,Supervisor
4003098,Brianna,MacSorley,bmacsorleyff@discuz.net,Male,9 Bunting Lane,Surveyor
4003099,Ange,Mollison,amollisonfg@vinaora.com,Male,215 Lakewood Place,Surveyor
4003100,Imogen,Greenslade,igreensladefh@stanford.edu,Male,91067 Blackbird Court,Estimator
4003101,Dante,Douthwaite,ddouthwaitefi@digg.com,Female,82 Manley Junction,Surveyor
4003102,Elaine,Maryman,emarymanfj@go.com,Female,63 High Crossing Avenue,Construction Manager
4003103,Nathan,Ottee,notteefk@comcast.net,Female,6 Loomis Court,Construction Expeditor
4003104,Erena,Mabbett,emabbettfl@1688.com,Male,5816 Westport Lane,Architect
4003105,Therese,Heffy,theffyfm@mail.ru,Male,55054 Graceland Hill,Architect
4003106,Rycca,Willgoose,rwillgoosefn@gov.uk,Male,19478 Colorado Junction,Surveyor
4003107,Adelaida,Pyrah,apyrahfo@washingtonpost.com,Male,99 Summer Ridge Way,Project Manager
4003108,Jacquelynn,Gilcrist,jgilcristfp@tumblr.com,Female,11 Northfield Road,Engineer
4003109,Dalenna,Franceschino,dfranceschinofq@businessinsider.com,Female,2849 Delaware Lane,Surveyor
4003110,Karmen,Nott,knottfr@ft.com,Female,0560 Northridge Street,Electrician
4003111,Meara,Grieve,mgrievefs@mapy.cz,Female,598 Longview Circle,Surveyor
4003112,Delmer,Pettifor,dpettiforft@fotki.com,Female,0 Dawn Plaza,Engineer
4003113,Shanda,Lambourne,slambournefu@google.cn,Male,79514 Pawling Pass,Construction Expeditor
4003114,Loydie,Pally,lpallyfv@constantcontact.com,Female,8198 Washington Parkway,Construction Worker
4003115,Dorry,Grigorian,dgrigorianfw@example.com,Polygender,94040 6th Pass,Estimator
4003116,Corri,Newvill,cnewvillfx@wordpress.org,Female,6140 Tennessee Parkway,Subcontractor
4003117,Juanita,Gudgion,jgudgionfy@google.fr,Male,29 Morrow Drive,Electrician
4003118,Nerti,Fucher,nfucherfz@boston.com,Female,6224 Nelson Point,Subcontractor
4003119,Petronilla,Terlinden,pterlindeng0@studiopress.com,Male,0286 Huxley Trail,Construction Expeditor
4003120,Remus,Brommage,rbrommageg1@domainmarket.com,Male,212 Miller Terrace,Estimator
4003121,Ermin,Menis,emenisg2@ustream.tv,Female,49 Kinsman Circle,Surveyor
4003122,Paula,Moles,pmolesg3@pagesperso-orange.fr,Female,2504 Forest Dale Circle,Engineer
4003123,Carolina,Lemmertz,clemmertzg4@arstechnica.com,Female,980 Rusk Alley,Subcontractor
4003124,Ted,MacWhan,tmacwhang5@nymag.com,Bigender,0483 Delladonna Parkway,Estimator
4003125,Jerry,Garn,jgarng6@pen.io,Male,19 Granby Circle,Subcontractor
4003126,Warden,Stollenbeck,wstollenbeckg7@who.int,Agender,197 Dawn Trail,Supervisor
4003127,Feodor,Greeveson,fgreevesong8@bandcamp.com,Female,90 Northport Center,Surveyor
4003128,Gaelan,Florio,gfloriog9@spiegel.de,Male,9732 Blackbird Park,Electrician
4003129,Kelwin,Foystone,kfoystonega@cloudflare.com,Male,68199 Mallard Road,Supervisor
4003130,Itch,Neles,inelesgb@wiley.com,Female,9 Ramsey Terrace,Supervisor
4003131,Katina,Boakes,kboakesgc@salon.com,Female,3 Corscot Parkway,Surveyor
4003132,Charissa,Jasiak,cjasiakgd@networksolutions.com,Male,47839 Havey Place,Subcontractor
4003133,Vincenz,Figin,vfiginge@ning.com,Female,55962 Fuller Court,Estimator
4003134,Constantine,Corston,ccorstongf@wunderground.com,Female,84144 Valley Edge Avenue,Construction Expeditor
4003135,Keary,Giamitti,kgiamittigg@unicef.org,Male,14832 Burning Wood Park,Subcontractor
4003136,Sawyere,Dursley,sdursleygh@nifty.com,Female,0698 Surrey Pass,Construction Manager
4003137,Ive,Cusiter,icusitergi@acquirethisname.com,Female,4 Oxford Avenue,Construction Foreman
4003138,Cathe,Frostdick,cfrostdickgj@goo.gl,Genderqueer,6 Longview Junction,Project Manager
4003139,Kalinda,Goschalk,kgoschalkgk@nyu.edu,Agender,1077 Judy Place,Project Manager
4003140,Shelley,Chesworth,schesworthgl@foxnews.com,Female,19032 Lien Terrace,Subcontractor
4003141,Caroljean,Darley,cdarleygm@umich.edu,Female,62 Haas Center,Architect
4003142,Oralia,Bycraft,obycraftgn@lulu.com,Polygender,191 Killdeer Center,Construction Expeditor
4003143,Sibella,Spain-Gower,sspaingowergo@qq.com,Male,882 Morningstar Crossing,Construction Manager
4003144,Doyle,Skeermer,dskeermergp@usa.gov,Male,6556 Emmet Avenue,Construction Expeditor
4003145,Shermy,Badsworth,sbadsworthgq@tmall.com,Female,53 Burning Wood Junction,Subcontractor
4003146,Erna,Evett,eevettgr@wiley.com,Female,915 Sutherland Place,Supervisor
4003147,Frederik,Smye,fsmyegs@amazon.de,Male,1074 Mosinee Place,Architect
4003148,Helsa,Conew,hconewgt@facebook.com,Male,1 Butternut Alley,Supervisor
4003149,Chris,Ephgrave,cephgravegu@ustream.tv,Polygender,542 Cordelia Center,Surveyor
4003150,Shelagh,Metzing,smetzinggv@amazon.co.uk,Female,4 7th Center,Construction Expeditor
4003151,Lissie,Srutton,lsruttongw@go.com,Female,4752 Sloan Alley,Construction Foreman
4003152,Kylie,MacIlory,kmacilorygx@elpais.com,Male,1976 Bellgrove Road,Electrician
4003153,Vachel,Haibel,vhaibelgy@telegraph.co.uk,Female,325 Dottie Parkway,Surveyor
4003154,Dede,Morrilly,dmorrillygz@nytimes.com,Female,5 Hagan Parkway,Construction Manager
4003155,Eleonore,Meace,emeaceh0@amazon.de,Female,1 Rockefeller Junction,Estimator
4003156,Bertie,Gumbley,bgumbleyh1@wiley.com,Male,3197 Sunnyside Place,Surveyor
4003157,Ambrosi,Somers,asomersh2@booking.com,Female,029 Drewry Center,Electrician
4003158,Torie,Ramos,tramosh3@imgur.com,Male,11610 Brentwood Trail,Electrician
4003159,Rosalynd,Kaemena,rkaemenah4@usgs.gov,Genderqueer,14 Barnett Hill,Estimator
4003160,Gayel,Sargant,gsarganth5@whitehouse.gov,Female,07106 Sutteridge Alley,Construction Foreman
4003161,Normy,Mill,nmillh6@bloomberg.com,Male,1 Orin Place,Architect
4003162,Tomaso,Sebrens,tsebrensh7@chron.com,Male,5 Ramsey Trail,Construction Manager
4003163,Inglis,Synnot,isynnoth8@google.co.jp,Male,63 Schiller Center,Construction Expeditor
4003164,Prue,Tearny,ptearnyh9@51.la,Female,971 Hallows Center,Engineer
4003165,Robbyn,Vernalls,rvernallsha@zdnet.com,Male,033 Dawn Hill,Estimator
4003166,Victor,Jarrell,vjarrellhb@stanford.edu,Male,71007 Summerview Drive,Construction Worker
4003167,Renie,Prue,rpruehc@wired.com,Female,3173 Emmet Street,Surveyor
4003168,Dennie,Malham,dmalhamhd@sohu.com,Male,83720 Becker Drive,Supervisor
4003169,Loella,Routh,lrouthhe@webs.com,Female,186 Dorton Plaza,Construction Expeditor
4003170,Elbertine,Corbie,ecorbiehf@amazon.co.uk,Male,2 Maywood Park,Estimator
4003171,Jessa,Razzell,jrazzellhg@vinaora.com,Female,1471 Mallard Parkway,Construction Foreman
4003172,Una,Fayre,ufayrehh@wp.com,Male,17 School Hill,Supervisor
4003173,Sutton,Fitchet,sfitchethi@people.com.cn,Female,60046 Hanover Drive,Surveyor
4003174,Skelly,Careswell,scareswellhj@noaa.gov,Female,0835 Upham Trail,Electrician
4003175,Zuzana,Gunson,zgunsonhk@omniture.com,Female,2 Sage Center,Construction Worker
4003176,Mead,Inold,minoldhl@telegraph.co.uk,Female,43 Eliot Drive,Electrician
4003177,Pegeen,Yurocjhin,pyurocjhinhm@google.cn,Genderfluid,76651 Kim Alley,Supervisor
4003178,Farah,Burree,fburreehn@gov.uk,Male,52293 Declaration Crossing,Construction Worker
4003179,Augusta,Dukesbury,adukesburyho@wunderground.com,Female,6 Graedel Place,Surveyor
4003180,Ulberto,Copland,ucoplandhp@cornell.edu,Agender,3 Westport Terrace,Project Manager
4003181,Leontyne,Oglethorpe,loglethorpehq@etsy.com,Female,339 Stang Place,Construction Manager
4003182,Dana,Robjents,drobjentshr@nytimes.com,Male,34138 Ridge Oak Road,Supervisor
4003183,Vivianna,Gambrell,vgambrellhs@ameblo.jp,Male,3 Dakota Junction,Engineer
4003184,Nola,Vazquez,nvazquezht@fotki.com,Male,2599 Glacier Hill Drive,Construction Expeditor
4003185,Gillie,Mushrow,gmushrowhu@oakley.com,Female,9 Fairfield Pass,Construction Expeditor
4003186,Ulric,Woodruffe,uwoodruffehv@wix.com,Male,528 Division Avenue,Construction Worker
4003187,Hildagarde,Tutt,htutthw@ucsd.edu,Male,7136 Gateway Junction,Supervisor
4003188,Jodee,Ure,jurehx@mozilla.org,Male,69778 Mayer Point,Subcontractor
4003189,Humphrey,Patillo,hpatillohy@google.com.hk,Male,5 Utah Junction,Construction Foreman
4003190,Lorraine,Carayol,lcarayolhz@barnesandnoble.com,Male,87 Marquette Court,Supervisor
4003191,Teddie,Revan,trevani0@dmoz.org,Male,4408 Stephen Terrace,Project Manager
4003192,Rob,Baigent,rbaigenti1@php.net,Female,74 Troy Lane,Engineer
4003193,Winifield,Atrill,watrilli2@de.vu,Male,858 Messerschmidt Point,Subcontractor
4003194,Sawyer,Lidgerton,slidgertoni3@eepurl.com,Genderqueer,8462 Bellgrove Plaza,Project Manager
4003195,Maddi,Letten,mletteni4@vk.com,Female,710 Lakewood Plaza,Construction Manager
4003196,Georgine,Petkovic,gpetkovici5@blogger.com,Male,9 Sheridan Alley,Construction Worker
4003197,Aileen,Le Quesne,alequesnei6@etsy.com,Male,9 Meadow Vale Place,Construction Manager
4003198,Gratiana,Clougher,gclougheri7@columbia.edu,Male,73 Ridgeview Circle,Architect
4003199,Lothario,Humbert,lhumberti8@plala.or.jp,Female,4741 Jana Lane,Architect
4003200,Devlen,Beagley,dbeagleyi9@com.com,Male,48 Jenifer Terrace,Project Manager
4003201,Lorinda,Oak,loakia@huffingtonpost.com,Genderfluid,507 Carey Trail,Project Manager
4003202,Breanne,McLugish,bmclugishib@wired.com,Female,8 New Castle Circle,Subcontractor
4003203,Adlai,Kinsey,akinseyic@japanpost.jp,Male,60 Utah Avenue,Construction Manager
4003204,Lorette,Lamar,llamarid@baidu.com,Female,48307 Sloan Center,Estimator
4003205,Westbrooke,Nealy,wnealyie@nih.gov,Male,736 Pine View Drive,Construction Foreman
4003206,Karena,Willatts,kwillattsif@arstechnica.com,Male,85309 Carioca Terrace,Subcontractor
4003207,Lyn,Coite,lcoiteig@topsy.com,Female,0234 Golf Drive,Construction Worker
4003208,Cherrita,Clink,cclinkih@xrea.com,Female,4 Fairview Junction,Construction Manager
4003209,Kimmi,Baggelley,kbaggelleyii@goo.ne.jp,Male,20 Graedel Alley,Construction Manager
4003210,Dynah,Coules,dcoulesij@youku.com,Male,42460 Erie Park,Electrician
4003211,Gustie,Brass,gbrassik@eventbrite.com,Male,3584 Manitowish Crossing,Estimator
4003212,Calida,Rebert,crebertil@imdb.com,Female,1 Oriole Junction,Architect
4003213,Paul,McCall,pmccallim@themeforest.net,Male,134 Thackeray Alley,Engineer
4003214,Dermot,Bowser,dbowserin@creativecommons.org,Male,52 Gateway Terrace,Surveyor
4003215,Nola,Dewdeny,ndewdenyio@oakley.com,Male,604 Sutherland Hill,Construction Manager
4003216,Sisile,Bony,sbonyip@desdev.cn,Female,57 Emmet Pass,Construction Worker
4003217,Brittani,Iaduccelli,biaduccelliiq@xrea.com,Male,7 Pankratz Place,Construction Expeditor
4003218,Rolland,Plant,rplantir@spotify.com,Male,79271 Eliot Point,Construction Expeditor
4003219,Rivalee,Sharma,rsharmais@nifty.com,Female,237 Union Street,Surveyor
4003220,Salomone,Joel,sjoelit@vkontakte.ru,Male,0 Pierstorff Circle,Surveyor
4003221,Else,Samper,esamperiu@soup.io,Non-binary,1 Goodland Way,Construction Expeditor
4003222,Delphinia,Ives,divesiv@chronoengine.com,Agender,5 Utah Place,Electrician
4003223,Fonzie,Botte,fbotteiw@elegantthemes.com,Female,23 Banding Center,Electrician
4003224,Poul,Tillett,ptillettix@washington.edu,Male,602 Graedel Point,Construction Worker
4003225,Bellina,Brumwell,bbrumwelliy@reuters.com,Male,564 Thackeray Street,Architect
4003226,Joshuah,Kose,jkoseiz@cloudflare.com,Male,46 Mcguire Lane,Engineer
4003227,Balduin,Matthius,bmatthiusj0@whitehouse.gov,Male,620 Anthes Pass,Estimator
4003228,Cairistiona,Tweddell,ctweddellj1@gov.uk,Female,74 Dovetail Street,Construction Manager
4003229,Christin,Taphouse,ctaphousej2@prnewswire.com,Male,7 Roth Lane,Electrician
4003230,Maud,Peche,mpechej3@cdbaby.com,Female,2362 Manley Road,Subcontractor
4003231,Hakim,Gasson,hgassonj4@mtv.com,Male,577 Kim Road,Construction Worker
4003232,Sibelle,Pentycost,spentycostj5@myspace.com,Male,33737 Hoard Point,Engineer
4003233,Ethelyn,Arkin,earkinj6@amazon.com,Female,78525 Clarendon Junction,Project Manager
4003234,Theodosia,Margerrison,tmargerrisonj7@wisc.edu,Female,4269 Cody Junction,Project Manager
4003235,Read,Moden,rmodenj8@sourceforge.net,Male,4507 Hintze Circle,Electrician
4003236,Barnabe,Myrick,bmyrickj9@xing.com,Male,54159 Thackeray Place,Engineer
4003237,Hailee,McKeefry,hmckeefryja@prnewswire.com,Genderqueer,60462 Drewry Court,Project Manager
4003238,Arlen,Bedbrough,abedbroughjb@seesaa.net,Polygender,49 Mendota Lane,Project Manager
4003239,Sephira,Kennedy,skennedyjc@amazon.co.uk,Non-binary,0612 Sunfield Terrace,Project Manager
4003240,Filia,Solleme,fsollemejd@chron.com,Female,86853 Sunbrook Avenue,Project Manager
4003241,Jerri,Lillow,jlillowje@chron.com,Female,11566 Sachtjen Way,Architect
4003242,Laurens,Pinkstone,lpinkstonejf@uol.com.br,Male,02344 Raven Road,Construction Expeditor
4003243,Chryste,Huchot,chuchotjg@ehow.com,Male,20 Springview Crossing,Engineer
4003244,Roxine,Petrelli,rpetrellijh@zimbio.com,Female,031 Utah Circle,Project Manager
4003245,Sonja,Panting,spantingji@com.com,Female,866 Pleasure Road,Electrician
4003246,Noami,Duckhouse,nduckhousejj@hibu.com,Female,0 Bultman Parkway,Project Manager
4003247,Koralle,Queenborough,kqueenboroughjk@qq.com,Genderfluid,300 Karstens Road,Engineer
4003248,Laurena,Feehily,lfeehilyjl@nhs.uk,Female,38 Waxwing Center,Construction Foreman
4003249,Aldo,Costell,acostelljm@squidoo.com,Male,23077 Buhler Lane,Estimator
4003250,Lory,Geibel,lgeibeljn@un.org,Male,99135 Ludington Way,Subcontractor
4003251,Kippie,Matherson,kmathersonjo@who.int,Female,8605 7th Pass,Engineer
4003252,Andras,Regitz,aregitzjp@indiatimes.com,Female,80 Nova Pass,Construction Foreman
4003253,Adora,Nutton,anuttonjq@irs.gov,Male,99450 Arrowood Place,Project Manager
4003254,Jordan,Sawkins,jsawkinsjr@webnode.com,Male,7 Packers Way,Supervisor
4003255,Alix,Gilhespy,agilhespyjs@statcounter.com,Female,2 Elgar Center,Electrician
4003256,Vanya,Sargerson,vsargersonjt@google.pl,Female,1 Shoshone Center,Supervisor
4003257,Emalee,Skewes,eskewesju@home.pl,Male,7 Comanche Parkway,Construction Foreman
4003258,Marielle,Rickword,mrickwordjv@cornell.edu,Male,23 Michigan Avenue,Subcontractor
4003259,Arte,Fidelli,afidellijw@cloudflare.com,Male,27 Homewood Terrace,Subcontractor
4003260,Thorin,Hardisty,thardistyjx@angelfire.com,Male,0029 Glacier Hill Point,Construction Worker
4003261,Leah,Thickpenny,lthickpennyjy@reference.com,Male,41474 Florence Trail,Electrician
4003262,Lexy,Himpson,lhimpsonjz@fc2.com,Female,97 Bonner Avenue,Construction Foreman
4003263,Staford,Gorbell,sgorbellk0@si.edu,Female,5 Main Point,Subcontractor
4003264,Hillery,Rowatt,hrowattk1@blogger.com,Female,3576 Shelley Lane,Estimator
4003265,Fara,Dudson,fdudsonk2@smugmug.com,Female,5 Mandrake Place,Construction Worker
4003266,Gunar,Cauldfield,gcauldfieldk3@miibeian.gov.cn,Female,87382 Butternut Circle,Supervisor
4003267,Ernie,Bemment,ebemmentk4@freewebs.com,Female,9662 Northport Circle,Estimator
4003268,Jose,Parsell,jparsellk5@irs.gov,Male,001 Moulton Point,Subcontractor
4003269,Birch,Ridde,briddek6@uol.com.br,Female,35 Lunder Alley,Estimator
4003270,Karee,Humber,khumberk7@blinklist.com,Female,8622 Manitowish Park,Construction Worker
4003271,Eleni,Rowen,erowenk8@com.com,Male,93558 Burning Wood Parkway,Construction Manager
4003272,Delmore,Salzberger,dsalzbergerk9@hibu.com,Female,4 Eliot Road,Architect
4003273,Hubert,Sybbe,hsybbeka@ocn.ne.jp,Male,74296 Bartelt Junction,Construction Worker
4003274,Angy,Rundle,arundlekb@house.gov,Female,690 Buell Crossing,Engineer
4003275,Teri,Duligall,tduligallkc@rakuten.co.jp,Male,188 Morning Trail,Construction Foreman
4003276,Kirsti,Bisson,kbissonkd@google.nl,Male,395 Utah Pass,Estimator
4003277,Guenna,Lerwill,glerwillke@nyu.edu,Female,612 Cherokee Place,Supervisor
4003278,Gunther,Marns,gmarnskf@ucoz.ru,Male,504 Garrison Park,Project Manager
4003279,Sarine,Matchett,smatchettkg@japanpost.jp,Genderqueer,918 Meadow Valley Hill,Construction Worker
4003280,Aldin,Chiles,achileskh@fema.gov,Female,079 Luster Avenue,Construction Manager
4003281,Morey,Lucio,mlucioki@fema.gov,Male,0900 Steensland Trail,Architect
4003282,Leena,Gostyke,lgostykekj@washingtonpost.com,Female,1650 Dixon Place,Project Manager
4003283,Camilla,Hawgood,chawgoodkk@instagram.com,Female,1 Stuart Pass,Construction Foreman
4003284,Barby,Bingall,bbingallkl@aol.com,Male,64 Kennedy Parkway,Construction Manager
4003285,Ellary,Ogley,eogleykm@ca.gov,Female,64 Kingsford Plaza,Estimator
4003286,Duncan,Segot,dsegotkn@cdbaby.com,Female,3958 Oakridge Hill,Construction Expeditor
4003287,Antoine,Baldwin,abaldwinko@microsoft.com,Male,4203 Continental Alley,Project Manager
4003288,Dietrich,Gaiford,dgaifordkp@wisc.edu,Male,09103 Cottonwood Hill,Project Manager
4003289,Sheela,Ogden,sogdenkq@facebook.com,Male,70 Commercial Trail,Project Manager
4003290,Cristobal,Jellyman,cjellymankr@unesco.org,Female,640 Dahle Junction,Estimator
4003291,Etti,Messer,emesserks@cdbaby.com,Genderfluid,9 Bellgrove Park,Subcontractor
4003292,Giffard,De Vuyst,gdevuystkt@mlb.com,Female,66 Merrick Pass,Construction Expeditor
4003293,Lenka,Sherratt,lsherrattku@hostgator.com,Male,068 Merry Trail,Project Manager
4003294,Carl,Felder,cfelderkv@technorati.com,Male,58 Emmet Avenue,Electrician
4003295,Rooney,Laidler,rlaidlerkw@cbslocal.com,Male,88 Tomscot Point,Subcontractor
4003296,Florencia,Leversuch,fleversuchkx@nytimes.com,Female,7 Buhler Center,Engineer
4003297,Nate,Earwicker,nearwickerky@mac.com,Female,01864 Judy Drive,Construction Manager
4003298,Almire,Eakle,aeaklekz@furl.net,Male,200 Lindbergh Lane,Construction Manager
4003299,Nanice,Motherwell,nmotherwelll0@state.tx.us,Female,0327 Bay Place,Construction Expeditor
4003300,Sig,Gokes,sgokesl1@guardian.co.uk,Male,5211 Riverside Avenue,Electrician
4003301,Daune,Godilington,dgodilingtonl2@macromedia.com,Male,3 Fremont Alley,Construction Manager
4003302,Natty,Zanicchelli,nzanicchellil3@cyberchimps.com,Male,9 Canary Drive,Estimator
4003303,Brianna,Wolfarth,bwolfarthl4@exblog.jp,Female,714 Banding Center,Construction Worker
4003304,Bobette,Casterton,bcastertonl5@cpanel.net,Male,8180 Elka Place,Estimator
4003305,Damien,Klulisek,dklulisekl6@freewebs.com,Male,25906 Westridge Point,Construction Foreman
4003306,Celka,Titmarsh,ctitmarshl7@drupal.org,Female,43729 Corscot Circle,Construction Expeditor
4003307,Noemi,Faunch,nfaunchl8@hibu.com,Male,06092 Hollow Ridge Crossing,Construction Manager
4003308,Charin,Bourthouloume,cbourthouloumel9@blogspot.com,Female,2682 Randy Road,Estimator
4003309,Sib,Veld,sveldla@omniture.com,Female,94 Rieder Avenue,Construction Expeditor
4003310,Aline,Peller,apellerlb@tinyurl.com,Male,105 Bonner Drive,Construction Foreman
4003311,Jillene,Twine,jtwinelc@drupal.org,Female,69 Beilfuss Parkway,Project Manager
4003312,Gale,Druce,gdruceld@gov.uk,Male,7640 West Park,Estimator
4003313,Casper,Yitzovitz,cyitzovitzle@yolasite.com,Male,4 2nd Road,Estimator
4003314,Onfre,Swainson,oswainsonlf@dell.com,Female,35685 Anniversary Street,Construction Foreman
4003315,Boycie,Ashenhurst,bashenhurstlg@cocolog-nifty.com,Male,510 Bunker Hill Lane,Estimator
4003316,Carmelle,Muddimer,cmuddimerlh@mysql.com,Male,07726 Union Hill,Supervisor
4003317,Constanta,Heading,cheadingli@domainmarket.com,Male,497 3rd Place,Surveyor
4003318,Catherin,Beddis,cbeddislj@chicagotribune.com,Male,4 Gale Road,Surveyor
4003319,Doro,Delea,ddelealk@china.com.cn,Female,04 Maple Trail,Construction Worker
4003320,Bernadette,Cogley,bcogleyll@tripod.com,Female,104 Summerview Point,Architect
4003321,Marwin,Macellar,mmacellarlm@oracle.com,Male,74366 Vidon Pass,Engineer
4003322,Newton,Innman,ninnmanln@amazon.co.uk,Female,6557 Pawling Circle,Construction Foreman
4003323,Bran,Bridgens,bbridgenslo@scribd.com,Female,615 Westend Alley,Estimator
4003324,Suzy,Hennemann,shennemannlp@geocities.jp,Female,50216 North Court,Construction Worker
4003325,Desmond,Vardy,dvardylq@sogou.com,Female,26914 International Place,Engineer
4003326,Archambault,Flattman,aflattmanlr@pen.io,Male,66380 Miller Way,Construction Expeditor
4003327,Zeb,Castiglio,zcastigliols@linkedin.com,Male,1 5th Way,Construction Worker
4003328,Hayward,Leece,hleecelt@google.nl,Male,3 Bartillon Street,Construction Foreman
4003329,Ginelle,Hehir,ghehirlu@engadget.com,Non-binary,0 Brown Crossing,Estimator
4003330,Astrix,Martineau,amartineaulv@utexas.edu,Male,2294 Loftsgordon Circle,Estimator
4003331,Ned,Dillingston,ndillingstonlw@google.com,Male,7538 Columbus Street,Project Manager
4003332,Hilliary,Shemmin,hshemminlx@ucsd.edu,Female,2 Duke Crossing,Architect
4003333,Jessey,Youngman,jyoungmanly@wired.com,Female,2832 Mcguire Drive,Engineer
4003334,Garey,Jacqueme,gjacquemelz@macromedia.com,Female,5676 Roth Court,Subcontractor
4003335,Sarajane,Trump,strumpm0@devhub.com,Female,02 Forster Parkway,Construction Expeditor
4003336,Hermine,Sicely,hsicelym1@hatena.ne.jp,Polygender,8 Forster Parkway,Engineer
4003337,Devinne,Spottswood,dspottswoodm2@berkeley.edu,Female,07361 Holmberg Drive,Estimator
4003338,Homere,Sconce,hsconcem3@google.de,Bigender,9750 Morning Pass,Construction Expeditor
4003339,Tedmund,Delahunty,tdelahuntym4@phoca.cz,Genderfluid,809 Bunting Crossing,Construction Foreman
4003340,Thaddus,Priestley,tpriestleym5@alexa.com,Male,4 Dixon Way,Construction Manager
4003341,Padget,Seman,psemanm6@mac.com,Polygender,427 Laurel Junction,Supervisor
4003342,Adara,Verryan,averryanm7@elpais.com,Male,9684 Annamark Avenue,Surveyor
4003343,Louisa,Muncer,lmuncerm8@princeton.edu,Female,67 Bobwhite Street,Supervisor
4003344,Stanfield,Obert,sobertm9@pen.io,Female,1 Forest Park,Construction Worker
4003345,Heidi,Clinch,hclinchma@whitehouse.gov,Male,448 Reindahl Drive,Architect
4003346,Clementina,Vanderson,cvandersonmb@reuters.com,Female,587 North Pass,Construction Expeditor
4003347,Kaylil,Power,kpowermc@tripod.com,Female,50880 Johnson Court,Estimator
4003348,Howey,MacKnight,hmacknightmd@ehow.com,Female,0 Donald Circle,Construction Worker
4003349,Doroteya,Ferrao,dferraome@typepad.com,Male,92410 Helena Place,Subcontractor
4003350,Jenifer,Pundy,jpundymf@furl.net,Male,64222 Mayer Crossing,Architect
4003351,Glynn,Kittless,gkittlessmg@smugmug.com,Genderqueer,31 Mitchell Park,Construction Expeditor
4003352,Sol,Thornhill,sthornhillmh@cnn.com,Male,5974 Division Alley,Construction Manager
4003353,Bayard,Gelderd,bgelderdmi@squarespace.com,Female,6048 Raven Trail,Construction Foreman
4003354,Junia,Chaston,jchastonmj@google.com.br,Female,8 Raven Drive,Estimator
4003355,Vanessa,Hillum,vhillummk@amazon.com,Male,21 Toban Avenue,Electrician
4003356,Tulley,Rosa,trosaml@stumbleupon.com,Female,702 Forest Dale Avenue,Project Manager
4003357,Cam,Paoloni,cpaolonimm@bigcartel.com,Female,3622 Mifflin Court,Project Manager
4003358,Estel,Parkins,eparkinsmn@rakuten.co.jp,Male,4 Cherokee Avenue,Electrician
4003359,Crystie,Wiffield,cwiffieldmo@unicef.org,Bigender,016 Marquette Circle,Electrician
4003360,Henrietta,Lukes,hlukesmp@jugem.jp,Male,13 Barnett Terrace,Project Manager
4003361,Datha,Bywaters,dbywatersmq@ed.gov,Male,5990 Knutson Crossing,Surveyor
4003362,Tadeo,Wasmuth,twasmuthmr@gizmodo.com,Female,06542 Mallard Junction,Engineer
4003363,Mariann,Stobie,mstobiems@ocn.ne.jp,Male,1778 Maple Center,Electrician
4003364,Eryn,Brydie,ebrydiemt@google.cn,Male,2 High Crossing Street,Project Manager
4003365,Rawley,Raulstone,rraulstonemu@stanford.edu,Female,8 Declaration Way,Supervisor
4003366,Channa,Petzolt,cpetzoltmv@businessweek.com,Female,0685 Crowley Avenue,Subcontractor
4003367,Kellia,Churches,kchurchesmw@surveymonkey.com,Female,78 Eastwood Way,Construction Worker
4003368,Payton,Barthropp,pbarthroppmx@weebly.com,Female,01 Haas Junction,Subcontractor
4003369,Griffin,Thow,gthowmy@cmu.edu,Female,1974 Glendale Crossing,Electrician
4003370,Kele,Buckston,kbuckstonmz@themeforest.net,Male,0204 Pine View Alley,Construction Manager
4003371,Alexia,Chewter,achewtern0@fastcompany.com,Male,736 Green Drive,Project Manager
4003372,Orlando,Tosdevin,otosdevinn1@theguardian.com,Male,59 Oak Valley Park,Construction Manager
4003373,Jemmie,Chattell,jchattelln2@sourceforge.net,Male,1 Paget Street,Project Manager
4003374,Kiah,Pleavin,kpleavinn3@businessweek.com,Male,8045 Crownhardt Junction,Construction Expeditor
4003375,Halette,Wickwarth,hwickwarthn4@indiatimes.com,Female,406 Anhalt Avenue,Electrician
4003376,Kyla,See,kseen5@cornell.edu,Female,7495 Farragut Road,Estimator
4003377,Guillemette,Stivers,gstiversn6@state.gov,Bigender,26632 Pierstorff Street,Surveyor
4003378,Marleah,Mowles,mmowlesn7@berkeley.edu,Male,64 Meadow Vale Way,Supervisor
4003379,Ferris,Pady,fpadyn8@jalbum.net,Male,22 Birchwood Trail,Estimator
4003380,Kelci,Cahey,kcaheyn9@github.com,Male,963 Milwaukee Court,Construction Expeditor
4003381,Hamil,Haslum,hhaslumna@netscape.com,Male,52655 Golden Leaf Alley,Construction Worker
4003382,Kevin,Faulkner,kfaulknernb@friendfeed.com,Genderfluid,9205 Kensington Hill,Engineer
4003383,Aleece,Clinton,aclintonnc@google.it,Male,26 Reinke Street,Construction Manager
4003384,Barbie,Treadgall,btreadgallnd@mit.edu,Female,63782 Eagan Plaza,Construction Worker
4003385,Josselyn,Pullinger,jpullingerne@howstuffworks.com,Female,7 Vera Plaza,Construction Foreman
4003386,Kirbee,Elsmore,kelsmorenf@hhs.gov,Female,48266 Stephen Park,Construction Manager
4003387,Sidonia,Windle,swindleng@51.la,Male,794 Oak Valley Way,Subcontractor
4003388,Walliw,Ingliss,winglissnh@soup.io,Male,4 Magdeline Drive,Construction Worker
4003389,Bryant,Woodrough,bwoodroughni@slate.com,Male,0497 Kenwood Point,Subcontractor
4003390,Sonny,Redolfi,sredolfinj@ehow.com,Female,3 Magdeline Pass,Supervisor
4003391,Fayre,Westwater,fwestwaternk@cdc.gov,Female,28 Badeau Junction,Construction Foreman
4003392,Ynez,Tizzard,ytizzardnl@comcast.net,Female,6799 Weeping Birch Circle,Construction Manager
4003393,Curtice,Dainty,cdaintynm@flavors.me,Male,1681 Morrow Point,Construction Worker
4003394,Emogene,Wolverson,ewolversonnn@webmd.com,Male,81503 Kinsman Plaza,Project Manager
4003395,Franciska,Kingsmill,fkingsmillno@whitehouse.gov,Female,76 Pankratz Trail,Construction Manager
4003396,Becka,Gilsthorpe,bgilsthorpenp@nymag.com,Male,949 Boyd Hill,Construction Foreman
4003397,Foster,Roscamp,froscampnq@comcast.net,Male,69480 Graceland Pass,Subcontractor
4003398,Kathryne,Muat,kmuatnr@accuweather.com,Male,002 Mallory Parkway,Estimator
4003399,Andriana,Purkins,apurkinsns@ted.com,Male,81 Mifflin Hill,Supervisor
4003400,Mata,Pennino,mpenninont@usa.gov,Female,451 Delladonna Street,Engineer
4003401,Giff,Weeden,gweedennu@zimbio.com,Female,5 Northfield Avenue,Engineer
4003402,Amos,Starbuck,astarbucknv@dot.gov,Female,1 Grayhawk Trail,Construction Expeditor
4003403,Tom,Bromilow,tbromilownw@yahoo.com,Female,063 Porter Trail,Architect
4003404,Ianthe,Mose,imosenx@studiopress.com,Female,72 Rusk Circle,Subcontractor
4003405,Nealon,Mankor,nmankorny@dyndns.org,Genderqueer,927 Mayer Crossing,Construction Worker
4003406,Estel,Jann,ejannnz@360.cn,Female,66146 Green Ridge Avenue,Construction Worker
4003407,Francklyn,McBoyle,fmcboyleo0@live.com,Male,60590 Donald Point,Project Manager
4003408,Wini,Smaleman,wsmalemano1@pagesperso-orange.fr,Female,4 Carioca Lane,Construction Foreman
4003409,Phaedra,McNeil,pmcneilo2@exblog.jp,Male,03 Merrick Pass,Electrician
4003410,Maynord,Guard,mguardo3@wp.com,Female,38507 Macpherson Point,Construction Foreman
4003411,Rafaello,Lunk,rlunko4@cbslocal.com,Female,07028 Westport Street,Subcontractor
4003412,Silvano,Glassborow,sglassborowo5@blogspot.com,Male,13105 Melby Circle,Construction Manager
4003413,Arielle,Curless,acurlesso6@tripadvisor.com,Male,223 Marquette Crossing,Project Manager
4003414,Micah,Ivashkov,mivashkovo7@dyndns.org,Male,0861 Fulton Crossing,Construction Expeditor
4003415,Jacquette,Cozby,jcozbyo8@smugmug.com,Female,9 Duke Pass,Surveyor
4003416,Randell,Eytel,reytelo9@msn.com,Male,4 Monument Park,Construction Foreman
4003417,Hayward,Westwater,hwestwateroa@stumbleupon.com,Female,1235 Ridge Oak Alley,Engineer
4003418,Durward,Scamadine,dscamadineob@google.pl,Male,81 Kim Alley,Construction Expeditor
4003419,Candie,Whitlock,cwhitlockoc@canalblog.com,Agender,263 Lunder Park,Construction Manager
4003420,Binny,Millett,bmillettod@netscape.com,Female,53671 2nd Parkway,Architect
4003421,Hailee,Frankowski,hfrankowskioe@time.com,Male,1 Marcy Street,Estimator
4003422,Gene,Greening,ggreeningof@homestead.com,Male,86 Stang Court,Engineer
4003423,Gill,Shimwell,gshimwellog@zimbio.com,Female,76449 Tony Circle,Project Manager
4003424,Calli,Haddington,chaddingtonoh@histats.com,Female,88 Sunfield Alley,Construction Worker
4003425,Shawnee,Leonard,sleonardoi@123-reg.co.uk,Female,9845 Melrose Point,Construction Worker
4003426,Floris,Steadman,fsteadmanoj@pen.io,Male,90 Hoffman Plaza,Subcontractor
4003427,Ariel,Chavrin,achavrinok@blog.com,Female,2616 Prairie Rose Road,Project Manager
4003428,Flora,Iacovino,fiacovinool@parallels.com,Male,4675 La Follette Lane,Engineer
4003429,Sandor,Oboy,soboyom@cisco.com,Female,6 Browning Terrace,Surveyor
4003430,Salvatore,Maryin,smaryinon@aboutads.info,Female,5 Starling Road,Architect
4003431,Royce,Lockhart,rlockhartoo@patch.com,Female,7 Corscot Avenue,Supervisor
4003432,Illa,Jekel,ijekelop@buzzfeed.com,Female,676 Homewood Alley,Project Manager
4003433,Rea,Bellard,rbellardoq@answers.com,Genderqueer,93 Meadow Vale Terrace,Electrician
4003434,Mirella,Hruska,mhruskaor@unc.edu,Male,35330 Claremont Street,Construction Worker
4003435,Horatio,Capeloff,hcapeloffos@photobucket.com,Male,64 Goodland Point,Electrician
4003436,Dasie,Rands,drandsot@paginegialle.it,Female,13337 Lillian Avenue,Surveyor
4003437,Hannie,Gallahar,hgallaharou@skype.com,Male,06 Surrey Way,Project Manager
4003438,Augustine,Cullnean,acullneanov@bluehost.com,Male,3970 Raven Park,Supervisor
4003439,Tomaso,Dabel,tdabelow@plala.or.jp,Genderfluid,35 Heath Lane,Engineer
4003440,Chariot,Ruprecht,cruprechtox@trellian.com,Male,200 Spenser Court,Project Manager
4003441,Marleen,Mintoft,mmintoftoy@rediff.com,Female,1498 Talmadge Trail,Subcontractor
4003442,Dwain,Blayney,dblayneyoz@feedburner.com,Female,223 Lighthouse Bay Avenue,Architect
4003443,Terence,Facey,tfaceyp0@latimes.com,Female,4547 Fair Oaks Pass,Surveyor
4003444,Hadley,Chaulk,hchaulkp1@dailymail.co.uk,Female,9689 Shelley Way,Estimator
4003445,Robbie,Frank,rfrankp2@mysql.com,Female,62309 Carioca Lane,Supervisor
4003446,Orsa,Birkett,obirkettp3@washingtonpost.com,Genderfluid,9849 Grasskamp Drive,Construction Worker
4003447,Ilyse,Kryszka,ikryszkap4@mozilla.com,Female,138 Mayfield Crossing,Construction Worker
4003448,Kent,Baudouin,kbaudouinp5@myspace.com,Female,9806 Sutherland Place,Estimator
4003449,Kathryn,Butfield,kbutfieldp6@guardian.co.uk,Male,90 Canary Trail,Subcontractor
4003450,Shina,Lenin,sleninp7@businessinsider.com,Male,1 Transport Center,Architect
4003451,Rey,Wickenden,rwickendenp8@stanford.edu,Male,1 Buhler Crossing,Construction Worker
4003452,Verney,Regelous,vregelousp9@wired.com,Male,6 Clemons Street,Subcontractor
4003453,Elbertine,Woofendell,ewoofendellpa@devhub.com,Female,34349 Stone Corner Way,Surveyor
4003454,Gerianna,Pannaman,gpannamanpb@mapquest.com,Male,3089 Sage Terrace,Construction Expeditor
4003455,Wendye,O'Cannovane,wocannovanepc@yahoo.com,Female,88472 Sachtjen Circle,Estimator
4003456,Austin,Bonifas,abonifaspd@princeton.edu,Female,1 Florence Hill,Construction Expeditor
4003457,Kyle,Scarce,kscarcepe@google.com.hk,Male,0391 Esker Alley,Surveyor
4003458,Garnette,Checkley,gcheckleypf@dailymotion.com,Female,66567 Glacier Hill Park,Construction Worker
4003459,Ulrike,Bride,ubridepg@wp.com,Female,703 Melrose Trail,Subcontractor
4003460,Eduard,Martinat,emartinatph@amazonaws.com,Male,7645 Dottie Crossing,Architect
4003461,Torr,Takkos,ttakkospi@51.la,Female,78959 Artisan Pass,Estimator
4003462,Halimeda,Jurs,hjurspj@ycombinator.com,Female,0 Graceland Point,Estimator
4003463,Kym,Sibthorpe,ksibthorpepk@dot.gov,Female,388 School Terrace,Estimator
4003464,Arie,Jolland,ajollandpl@sbwire.com,Female,7327 Colorado Hill,Construction Expeditor
4003465,Mariana,Alexandrescu,malexandrescupm@sourceforge.net,Female,029 Hovde Terrace,Estimator
4003466,Joice,Klemke,jklemkepn@redcross.org,Non-binary,77202 Judy Avenue,Construction Expeditor
4003467,Curran,Watchorn,cwatchornpo@stumbleupon.com,Genderqueer,1428 Kensington Alley,Engineer
4003468,Justus,Suche,jsuchepp@freewebs.com,Male,3 Schurz Way,Surveyor
4003469,Gaylene,Moller,gmollerpq@technorati.com,Male,3 Golden Leaf Hill,Engineer
4003470,Zachariah,Guierre,zguierrepr@miitbeian.gov.cn,Male,5936 Arrowood Court,Construction Expeditor
4003471,Nell,De Giorgis,ndegiorgisps@comsenz.com,Female,6 Kingsford Hill,Electrician
4003472,Yvette,Olivetta,yolivettapt@icq.com,Female,248 Vahlen Drive,Engineer
4003473,Cornela,Stellman,cstellmanpu@google.cn,Bigender,743 Sugar Parkway,Construction Foreman
4003474,Leonardo,Christall,lchristallpv@joomla.org,Female,962 Glendale Road,Surveyor
4003475,Tobey,Fulger,tfulgerpw@soundcloud.com,Female,17 Macpherson Drive,Project Manager
4003476,Andriana,Gorke,agorkepx@mail.ru,Female,910 Eliot Trail,Construction Expeditor
4003477,Kaile,Mellings,kmellingspy@naver.com,Female,2084 Almo Point,Engineer
4003478,Benyamin,Worsall,bworsallpz@army.mil,Female,90897 Schlimgen Street,Engineer
4003479,Quincy,Dudley,qdudleyq0@google.cn,Female,20216 Cordelia Junction,Architect
4003480,Laurice,Johanssen,ljohanssenq1@nba.com,Female,9 Lien Way,Engineer
4003481,Willem,Arp,warpq2@gnu.org,Male,9 Emmet Park,Construction Manager
4003482,Tait,Outibridge,toutibridgeq3@tripod.com,Male,4 8th Park,Project Manager
4003483,Anitra,Byars,abyarsq4@umn.edu,Female,985 Melby Alley,Electrician
4003484,Alex,Vasiljevic,avasiljevicq5@zdnet.com,Female,9 North Trail,Estimator
4003485,Selle,Bonass,sbonassq6@hubpages.com,Female,27686 Farragut Place,Construction Expeditor
4003486,Ludovika,Tolfrey,ltolfreyq7@theglobeandmail.com,Male,842 Sycamore Way,Project Manager
4003487,Velma,Berzin,vberzinq8@cbc.ca,Genderfluid,6 Morningstar Center,Construction Foreman
4003488,Ode,Rappport,orappportq9@foxnews.com,Female,553 Elka Way,Construction Worker
4003489,Abrahan,Waddingham,awaddinghamqa@goo.ne.jp,Female,5495 Stephen Pass,Supervisor
4003490,Rahal,Shelper,rshelperqb@liveinternet.ru,Male,37 Browning Hill,Estimator
4003491,Katalin,Altimas,kaltimasqc@weibo.com,Female,1823 Roth Way,Architect
4003492,Gannie,Keach,gkeachqd@naver.com,Female,8759 Moose Lane,Construction Worker
4003493,Darla,Paxeford,dpaxefordqe@tuttocitta.it,Female,2664 Roth Trail,Construction Manager
4003494,Carita,Brehault,cbrehaultqf@cloudflare.com,Male,2 Sauthoff Parkway,Electrician
4003495,Valeria,Hook,vhookqg@youtube.com,Female,108 Old Shore Point,Engineer
4003496,Dollie,Rutter,drutterqh@quantcast.com,Male,7655 Autumn Leaf Alley,Electrician
4003497,Corey,Spieght,cspieghtqi@cornell.edu,Female,4 Old Gate Hill,Engineer
4003498,Bethina,Gorgler,bgorglerqj@noaa.gov,Male,3709 Stone Corner Road,Project Manager
4003499,Emalee,Hugonin,ehugoninqk@blog.com,Male,3 Westridge Junction,Architect
4003500,Jolene,Clynman,jclynmanql@wikipedia.org,Female,77208 Helena Road,Project Manager
4003501,Rhodie,Capelle,rcapelleqm@state.tx.us,Male,833 Holy Cross Park,Project Manager
4003502,Lizette,Alldis,lalldisqn@goo.ne.jp,Female,7 Duke Crossing,Architect
4003503,Elaine,Blasli,eblasliqo@godaddy.com,Female,24043 Cascade Circle,Construction Worker
4003504,Ophelie,Chopy,ochopyqp@bandcamp.com,Female,3 Thierer Center,Estimator
4003505,Hastings,Jedras,hjedrasqq@state.tx.us,Male,2841 Graceland Crossing,Project Manager
4003506,Margi,Santus,msantusqr@google.pl,Male,22 Kensington Circle,Construction Expeditor
4003507,Silvio,Fields,sfieldsqs@photobucket.com,Female,76237 Longview Avenue,Subcontractor
4003508,Casey,Plaschke,cplaschkeqt@cnet.com,Male,9133 Bunting Junction,Construction Worker
4003509,Terrijo,Edger,tedgerqu@nih.gov,Female,90 Thierer Alley,Project Manager
4003510,Kippie,Arnison,karnisonqv@hibu.com,Female,18748 Arkansas Avenue,Surveyor
4003511,Stevie,Friatt,sfriattqw@booking.com,Female,1458 Del Mar Lane,Engineer
4003512,Cassy,Danilewicz,cdanilewiczqx@squarespace.com,Male,84039 Autumn Leaf Way,Surveyor
4003513,Alistair,McGucken,amcguckenqy@instagram.com,Bigender,9 Linden Junction,Surveyor
4003514,Bondy,Antuk,bantukqz@independent.co.uk,Female,53014 Meadow Vale Pass,Supervisor
4003515,Glenn,Henrie,ghenrier0@alibaba.com,Female,7845 Golf Course Way,Estimator
4003516,Pavlov,Tolputt,ptolputtr1@bluehost.com,Male,459 Talmadge Pass,Estimator
4003517,Drud,Drever,ddreverr2@hugedomains.com,Male,7 Mallory Park,Supervisor
4003518,Zarah,Seeks,zseeksr3@cisco.com,Female,565 Bayside Terrace,Construction Worker
4003519,Paul,Crampsey,pcrampseyr4@google.it,Female,83915 Red Cloud Street,Engineer
4003520,Louisette,Priestman,lpriestmanr5@irs.gov,Female,872 Village Green Way,Electrician
4003521,Tarah,Linley,tlinleyr6@tuttocitta.it,Bigender,2 Twin Pines Terrace,Electrician
4003522,Byrann,Plott,bplottr7@t.co,Male,2685 Hudson Center,Engineer
4003523,Maude,Preshaw,mpreshawr8@google.com.hk,Female,868 Ramsey Hill,Electrician
4003524,Wake,MacMoyer,wmacmoyerr9@dedecms.com,Female,4 Bay Parkway,Engineer
4003525,Vassily,Barraclough,vbarracloughra@sohu.com,Female,83 Pierstorff Alley,Electrician
4003526,Arne,Durie,adurierb@about.com,Bigender,410 Superior Point,Electrician
4003527,Evanne,Giron,egironrc@alexa.com,Female,99274 Columbus Plaza,Architect
4003528,Rochelle,Saphin,rsaphinrd@symantec.com,Male,77 Dennis Lane,Surveyor
4003529,Bili,Clancey,bclanceyre@mlb.com,Female,2 Knutson Circle,Electrician
4003530,Jordon,Dutt,jduttrf@altervista.org,Male,159 Tennessee Pass,Project Manager
4003531,Shaylah,Fadian,sfadianrg@google.fr,Male,5 Troy Hill,Surveyor
4003532,Kory,Vanyushkin,kvanyushkinrh@cdbaby.com,Genderfluid,008 Longview Pass,Architect
4003533,Brandea,Djuricic,bdjuricicri@hatena.ne.jp,Male,6497 Rutledge Avenue,Construction Foreman
4003534,Ives,Landes,ilandesrj@dedecms.com,Female,1 Towne Trail,Construction Foreman
4003535,Simone,Isaksson,sisakssonrk@histats.com,Male,35 Ramsey Hill,Construction Manager
4003536,Abraham,Esgate,aesgaterl@t-online.de,Male,8314 Darwin Center,Supervisor
4003537,Tish,Rulton,trultonrm@springer.com,Female,77028 Ridgeway Hill,Supervisor
4003538,Rosmunda,Dawidowitz,rdawidowitzrn@phpbb.com,Female,49 Nova Place,Construction Manager
4003539,Garold,Tredger,gtredgerro@blogs.com,Female,44769 Di Loreto Center,Project Manager
4003540,Bo,Wytchard,bwytchardrp@alibaba.com,Female,2837 Springs Alley,Architect
4003541,Ardelis,Cadell,acadellrq@vinaora.com,Female,6 Vahlen Road,Electrician
4003542,Evered,Firebrace,efirebracerr@tmall.com,Male,3 Sachtjen Park,Architect